Titulo,Precio_Original_Texto,Precio_CLP_Final,Moneda_Origen,Descuento,Link
DEPARTAMENTO Navio San Martin 315,$400.000,400000,CLP,-20%,https://www.yapo.cl/bienes-raices-alquiler-apartamentos/departamento-navio-san-martin-315/30644151
"VASS arrienda loft todo incluido en Cerro Alegre, Valparaíso",$480.000,480000,CLP,,https://www.yapo.cl/bienes-raices-alquiler-apartamentos/vass-arrienda-loft-todo-incluido-en-cerro-alegre-valparaiso/31018439
"Arriendo por día, temporada verano. Arrienda su propio dueño.",$60.000,60000,CLP,,https://www.yapo.cl/bienes-raices-alquiler-apartamentos/arriendo-por-dia-temporada-verano-arrienda-su-propio-dueno/31791917
Departamento piso 7 1D/1B Estac. Bod. C° Placeres.,$400.000,400000,CLP,,https://www.yapo.cl/bienes-raices-alquiler-apartamentos/departamento-piso-7-1d-1b-estac-bod-c-placeres/30836630
LOFT EN ARRIENDO EN EDIFICIO CROMA LOFT - GASTOS COMUNES INCLUIDOS,$500.000,500000,CLP,,https://www.yapo.cl/bienes-raices-alquiler-apartamentos/loft-en-arriendo-en-edificio-croma-loft-gastos-comunes-incluidos/31844223
6 SECTOR PLAYA ANCHA,$250.000,250000,CLP,,https://www.yapo.cl/bienes-raices-alquiler-apartamentos/6-sector-playa-ancha/31781873
Arriendo departamento en 3er piso - Playa Ancha,$350.000,350000,CLP,,https://www.yapo.cl/bienes-raices-alquiler-apartamentos/arriendo-departamento-en-3er-piso-playa-ancha/31670096
Departamento en Camino los Ingleses,$460.000,460000,CLP,,https://www.yapo.cl/bienes-raices-alquiler-apartamentos/departamento-en-camino-los-ingleses/31784861
Departamento en Avenida Lomas de la Luz,$375.000,375000,CLP,,https://www.yapo.cl/bienes-raices-alquiler-apartamentos/departamento-en-avenida-lomas-de-la-luz/31416409
Departamento en Navío San Martín,$190.000,190000,CLP,-50%,https://www.yapo.cl/bienes-raices-alquiler-apartamentos/departamento-en-navio-san-martin/31401523
Arriendo departamento en Valparaiso,$65.000,65000,CLP,-7%,https://www.yapo.cl/bienes-raices-alquiler-apartamentos/arriendo-departamento-en-valparaiso/31778119
CERRO MERCED,$650.000,650000,CLP,,https://www.yapo.cl/bienes-raices-alquiler-apartamentos/cerro-merced/31157062
CONDOMINIO JARDÍN SUIZO,$385.000,385000,CLP,-4%,https://www.yapo.cl/bienes-raices-alquiler-apartamentos/condominio-jardin-suizo/30405287
"Excelente departamento 1 D/1B en San Roque, Seguridad, comodidad y Vista",$350.000,350000,CLP,-5%,https://www.yapo.cl/bienes-raices-alquiler-apartamentos/excelente-departamento-1-d-1b-en-san-roque-seguridad-comodidad-y-vista/31600962
"Departamento Mercedes 461, 2340000 Valparaíso",$650.000,650000,CLP,,https://www.yapo.cl/bienes-raices-alquiler-apartamentos/departamento-mercedes-461-2340000-valparaiso/31758792
Departamento en Avenida Lomas de la Luz,$370.000,370000,CLP,-6%,https://www.yapo.cl/bienes-raices-alquiler-apartamentos/departamento-en-avenida-lomas-de-la-luz/31415651
Departamento en Navío San Martín,$280.000,280000,CLP,-38%,https://www.yapo.cl/bienes-raices-alquiler-apartamentos/departamento-en-navio-san-martin/31710425
Departamento en Avenida Lomas de la Luz,$480.000,480000,CLP,-4%,https://www.yapo.cl/bienes-raices-alquiler-apartamentos/departamento-en-avenida-lomas-de-la-luz/31710427
Departamento en Avenida Lomas de la Luz,$595.000,595000,CLP,,https://www.yapo.cl/bienes-raices-alquiler-apartamentos/departamento-en-avenida-lomas-de-la-luz/31031472
Departamento en Navío San Martín,$190.000,190000,CLP,-37%,https://www.yapo.cl/bienes-raices-alquiler-apartamentos/departamento-en-navio-san-martin/31293989
Departamento en Los Pinos,$460.000,460000,CLP,,https://www.yapo.cl/bienes-raices-alquiler-apartamentos/departamento-en-los-pinos/31684254
Departamento en Eusebio Lillo,$300.000,300000,CLP,,https://www.yapo.cl/bienes-raices-alquiler-apartamentos/departamento-en-eusebio-lillo/31739128
Departamento en Ibsen,"UF8,73",346947,UF,-13%,https://www.yapo.cl/bienes-raices-alquiler-apartamentos/departamento-en-ibsen/31239449
Departamento en Avenida Lomas de la Luz,$370.000,370000,CLP,-5%,https://www.yapo.cl/bienes-raices-alquiler-apartamentos/departamento-en-avenida-lomas-de-la-luz/31622497
Departamento en Navío San Martín,$400.000,400000,CLP,-11%,https://www.yapo.cl/bienes-raices-alquiler-apartamentos/departamento-en-navio-san-martin/31577015
Departamento en Navío San Martín,$308.000,308000,CLP,,https://www.yapo.cl/bienes-raices-alquiler-apartamentos/departamento-en-navio-san-martin/31577016
Departamento en Navío San Martín,$225.000,225000,CLP,-51%,https://www.yapo.cl/bienes-raices-alquiler-apartamentos/departamento-en-navio-san-martin/31619359
Departamento en Avenida Lomas de la Luz,$185.000,185000,CLP,-50%,https://www.yapo.cl/bienes-raices-alquiler-apartamentos/departamento-en-avenida-lomas-de-la-luz/31651762
Departamento en Avenida Lomas de la Luz,$240.000,240000,CLP,-40%,https://www.yapo.cl/bienes-raices-alquiler-apartamentos/departamento-en-avenida-lomas-de-la-luz/31715124
1D remodelado full estilo en Bosque Inglés (136756),$400.000,400000,CLP,,https://www.yapo.cl/bienes-raices-alquiler-apartamentos/1d-remodelado-full-estilo-en-bosque-ingles-136756/31772016
Amoblado con Linda Vista a Viña del Mar Año Corrido,$360.000,360000,CLP,-5%,https://www.yapo.cl/bienes-raices-alquiler-apartamentos/amoblado-con-linda-vista-a-vina-del-mar-ano-corrido/31377421
DEPARTAMENTO Cerro placeres,$380.000,380000,CLP,,https://www.yapo.cl/bienes-raices-alquiler-apartamentos/departamento-cerro-placeres/31776461
Brasil 2608 [2655-1],"$410,000",410000,CLP,,https://www.yapo.cl/bienes-raices-alquiler-apartamentos/brasil-2608-2655-1/31865201
ARRIENDO DPTO AMPLIO EN IGNACIO CARRERA 208 villa,$585.000,585000,CLP,,https://www.yapo.cl/bienes-raices-alquiler-apartamentos/arriendo-dpto-amplio-en-ignacio-carrera-208-villa/31565342
Depto Amoblado en Cerro Polanco 1D 1B 1E *GC INCLUIDOS,$450.000,450000,CLP,,https://www.yapo.cl/bienes-raices-alquiler-apartamentos/depto-amoblado-en-cerro-polanco-1d-1b-1e-gc-incluidos/31832954
Departamento PARQUE LOS INGLESES CERCA SANTA ISABEL,$430.000,430000,CLP,,https://www.yapo.cl/bienes-raices-alquiler-apartamentos/departamento-parque-los-ingleses-cerca-santa-isabel/31763238
Brasil 2608 [2655-11],"$360,000",360000,CLP,,https://www.yapo.cl/bienes-raices-alquiler-apartamentos/brasil-2608-2655-11/31865202
ARRIENDO 3 D/2 BAÑOS  ESTACIONAMIENTO INCLUIDO,$430.000,430000,CLP,-4%,https://www.yapo.cl/bienes-raices-alquiler-apartamentos/arriendo-3-d-2-banos-estacionamiento-incluido/30991491
Brasil 2608 [2655-11],"$305,000",305000,CLP,,https://www.yapo.cl/bienes-raices-alquiler-apartamentos/brasil-2608-2655-11/31865203
Depto 1d1b cercano a USM y plan valparaiso  (140118),$360.000,360000,CLP,,https://www.yapo.cl/bienes-raices-alquiler-apartamentos/depto-1d1b-cercano-a-usm-y-plan-valparaiso-140118/31842236
Departamento CAMINO LOS INGLESES,$400.000,400000,CLP,,https://www.yapo.cl/bienes-raices-alquiler-apartamentos/departamento-camino-los-ingleses/30348388
DEPARTAMENTO Belgrano con Vega,$450.000,450000,CLP,,https://www.yapo.cl/bienes-raices-alquiler-apartamentos/departamento-belgrano-con-vega/31871700
Departamento en Avenida Lomas de la Luz,$360.000,360000,CLP,,https://www.yapo.cl/bienes-raices-alquiler-apartamentos/departamento-en-avenida-lomas-de-la-luz/31837946
DEPARTAMENTO Los Pinos,$550.000,550000,CLP,,https://www.yapo.cl/bienes-raices-alquiler-apartamentos/departamento-los-pinos/31451202
2 Dorm Av Argentina Frente Mall - ESTACIONAMIENTO,$520.000,520000,CLP,,https://www.yapo.cl/bienes-raices-alquiler-apartamentos/2-dorm-av-argentina-frente-mall-estacionamiento/31788532
Cam. los Ingleses 71 (1 Est ) [2574-3],"$460,000",460000,CLP,-2%,https://www.yapo.cl/bienes-raices-alquiler-apartamentos/cam-los-ingleses-71-1-est-2574-3/31474288
Manuel Antonio Matta (1 Bod) [3673-3],"$400,000",400000,CLP,,https://www.yapo.cl/bienes-raices-alquiler-apartamentos/manuel-antonio-matta-1-bod-3673-3/31840616
Espacioso Hogar con Excelente Conectividad (129565),$390.000,390000,CLP,-7%,https://www.yapo.cl/bienes-raices-alquiler-apartamentos/espacioso-hogar-con-excelente-conectividad-129565/31604905
Loft para estudiantes,$450.000,450000,CLP,,https://www.yapo.cl/bienes-raices-alquiler-apartamentos/loft-para-estudiantes/26883589
Moderno SIN Comunes - Dpto - Amplio C° Merced 3 Niveles 2d 2b Estac Gran Estar Patio tipo terraza,$650.000,650000,CLP,,https://www.yapo.cl/bienes-raices-alquiler-apartamentos/moderno-sin-comunes-dpto-amplio-c-merced-3-niveles-2d-2b-estac-gran-estar-patio-tipo-terraza/31840038
Departamento en Manuel Antonio Matta,$400.000,400000,CLP,,https://www.yapo.cl/bienes-raices-alquiler-apartamentos/departamento-en-manuel-antonio-matta/31787258
Arriendo Cómodo Departamento en Cumbres de Curauma III,$480.000,480000,CLP,,https://www.yapo.cl/bienes-raices-alquiler-apartamentos/arriendo-comodo-departamento-en-cumbres-de-curauma-iii/31590059
2dormitorios2baños Cerro Placeres (137106),$500.000,500000,CLP,,https://www.yapo.cl/bienes-raices-alquiler-apartamentos/2dormitorios2banos-cerro-placeres-137106/31778907
DEPARTAMENTO Ibsen,$540.000,540000,CLP,,https://www.yapo.cl/bienes-raices-alquiler-apartamentos/departamento-ibsen/31551316
ESTUDIO A PASOS DE PLAZA VICTORIA (141069),$300.000,300000,CLP,,https://www.yapo.cl/bienes-raices-alquiler-apartamentos/estudio-a-pasos-de-plaza-victoria-141069/31866257
DEPARTAMENTO 2D1B PLACERES,$280.000,280000,CLP,,https://www.yapo.cl/bienes-raices-alquiler-apartamentos/departamento-2d1b-placeres/31832039
Arriendo depto amoblado a estudiantes 2 D+ 2B (139898),$590.000,590000,CLP,,https://www.yapo.cl/bienes-raices-alquiler-apartamentos/arriendo-depto-amoblado-a-estudiantes-2-d-2b-139898/31838420
Departamento CERRO LAS DELICIAS,$450.000,450000,CLP,,https://www.yapo.cl/bienes-raices-alquiler-apartamentos/departamento-cerro-las-delicias/31711632
Moderno Depto. con Amplias Terrazas (131774),$410.000,410000,CLP,,https://www.yapo.cl/bienes-raices-alquiler-apartamentos/moderno-depto-con-amplias-terrazas-131774/31659550
ARRIENDO 3 D+2 B EN CURAUMA (139565),$450.000,450000,CLP,,https://www.yapo.cl/bienes-raices-alquiler-apartamentos/arriendo-3-d-2-b-en-curauma-139565/31831346
DEPARTAMENTO Solingen 220/ Av. Matta Valparaíso,$285.000,285000,CLP,,https://www.yapo.cl/bienes-raices-alquiler-apartamentos/departamento-solingen-220-av-matta-valparaiso/31843179
"SE ARRIENDA DEPARTAMENTO 3D/2D CON ESTACIONAMIENTO , UBICADO EN NAVIO SAN MARTIN, VALPARAÍSO",$550.000,550000,CLP,,https://www.yapo.cl/bienes-raices-alquiler-apartamentos/se-arrienda-departamento-3d-2d-con-estacionamiento-ubicado-en-navio-san-martin-valparaiso/31804627
ARRIENDO DEPARTAMENTO EN JARDINES DE CURAUMA,$430.000,430000,CLP,,https://www.yapo.cl/bienes-raices-alquiler-apartamentos/arriendo-departamento-en-jardines-de-curauma/31353033
ARRIENDO AMOBLADO AÑO CORRIDO 2 DORMITORIOS 2 BAÑOS,$700.000,700000,CLP,,https://www.yapo.cl/bienes-raices-alquiler-apartamentos/arriendo-amoblado-ano-corrido-2-dormitorios-2-banos/31818746
Brasil 2608 [2655-1],"$440,000",440000,CLP,,https://www.yapo.cl/bienes-raices-alquiler-apartamentos/brasil-2608-2655-1/29262304
ARRIENDO  DE 2 DORMITORIOS 1 BAÑO,$450.000,450000,CLP,-6%,https://www.yapo.cl/bienes-raices-alquiler-apartamentos/arriendo-de-2-dormitorios-1-bano/31777119
Departamento en Manuel Antonio Matta,$400.000,400000,CLP,,https://www.yapo.cl/bienes-raices-alquiler-apartamentos/departamento-en-manuel-antonio-matta/31787258
Arriendo departamento,$450.000,450000,CLP,,https://www.yapo.cl/bienes-raices-alquiler-apartamentos/arriendo-departamento/25891184
Departamento CONDOMINIO MIRADOR DE CURAUMA,$799.000,799000,CLP,,https://www.yapo.cl/bienes-raices-alquiler-apartamentos/departamento-condominio-mirador-de-curauma/28793519
Arriendo departamento navio san martin valparaiso,$400.000,400000,CLP,,https://www.yapo.cl/bienes-raices-alquiler-apartamentos/arriendo-departamento-navio-san-martin-valparaiso/28251064
Departamento CONDOMINIO CUMBRES V,$460.000,460000,CLP,-4%,https://www.yapo.cl/bienes-raices-alquiler-apartamentos/departamento-condominio-cumbres-v/28718227
Depto Estilo Mariposa | Cerro Los Placeres,$590.000,590000,CLP,,https://www.yapo.cl/bienes-raices-alquiler-apartamentos/depto-estilo-mariposa-cerro-los-placeres/26643062
ARRIENDO AMPLIO DEPARTAMENTO EN PLACILLA,$480.000,480000,CLP,,https://www.yapo.cl/bienes-raices-alquiler-apartamentos/arriendo-amplio-departamento-en-placilla/31585810
DEPARTAMENTO Cerro placeres,$330.000,330000,CLP,,https://www.yapo.cl/bienes-raices-alquiler-apartamentos/departamento-cerro-placeres/31524995
2 Dorm Av Argentina Frente Mall - ESTACIONAMIENTO,$520.000,520000,CLP,,https://www.yapo.cl/bienes-raices-alquiler-apartamentos/2-dorm-av-argentina-frente-mall-estacionamiento/31788532
AMPLIO DEPARTAMENTO EN CONDOMINIO  BAHÍA OCÉANO CONCON,$645.000,645000,CLP,,https://www.yapo.cl/bienes-raices-alquiler-apartamentos/amplio-departamento-en-condominio-bahia-oceano-concon/31831067
Departamento en Avenida Lomas de la Luz,$360.000,360000,CLP,,https://www.yapo.cl/bienes-raices-alquiler-apartamentos/departamento-en-avenida-lomas-de-la-luz/31837946
Departamento BREMEN A PASOS DE MANUEL ANTONIO MATTA  CERRO PLACERES,$370.000,370000,CLP,,https://www.yapo.cl/bienes-raices-alquiler-apartamentos/departamento-bremen-a-pasos-de-manuel-antonio-matta-cerro-placeres/31587804
Estudio cercano a USM Valparaiso vista al Mar (140105),$340.000,340000,CLP,,https://www.yapo.cl/bienes-raices-alquiler-apartamentos/estudio-cercano-a-usm-valparaiso-vista-al-mar-140105/31841929
Arriendo departamento en Cerro Merced,$550.000,550000,CLP,,https://www.yapo.cl/bienes-raices-alquiler-apartamentos/arriendo-departamento-en-cerro-merced/31444996
DEPARTAMENTO Departamento en Cerro Placeres,$500.000,500000,CLP,,https://www.yapo.cl/bienes-raices-alquiler-apartamentos/departamento-departamento-en-cerro-placeres/28472071
Precio Rebajado 3 Meses 2 Dorm Los Magnolios,$450.000,450000,CLP,,https://www.yapo.cl/bienes-raices-alquiler-apartamentos/precio-rebajado-3-meses-2-dorm-los-magnolios/31706905
"Ref:RE Amplio, Cómodo y Hermoso dpto de 2D+1B",$400.000,400000,CLP,,https://www.yapo.cl/bienes-raices-alquiler-apartamentos/ref-re-amplio-comodo-y-hermoso-dpto-de-2d-1b/31857498
Arriendo departamento en Cerro Merced,$550.000,550000,CLP,,https://www.yapo.cl/bienes-raices-alquiler-apartamentos/arriendo-departamento-en-cerro-merced/31444999
Arriendo departamento Jardin Suizo IV 400.000,$400.000,400000,CLP,,https://www.yapo.cl/bienes-raices-alquiler-apartamentos/arriendo-departamento-jardin-suizo-iv-400-000/26141339
DEPARTAMENTO SOL DE CURAUMA,$450.000,450000,CLP,,https://www.yapo.cl/bienes-raices-alquiler-apartamentos/departamento-sol-de-curauma/31271606
DEPARTAMENTO EN ARRIENDO CERRO LARRAÍN - VALPARAÍSO,$560.000,560000,CLP,,https://www.yapo.cl/bienes-raices-alquiler-apartamentos/departamento-en-arriendo-cerro-larrain-valparaiso/31271607
NAVIO SAN MARTIN - 3D | 1B | SIN ESTACIONAMIENTO,$400.000,400000,CLP,,https://www.yapo.cl/bienes-raices-alquiler-apartamentos/navio-san-martin-3d-1b-sin-estacionamiento/31271608
EXCELENTE DEPARTAMENTO 2D 1B CERCANO A UNIV SANTA MARIA,$450.000,450000,CLP,,https://www.yapo.cl/bienes-raices-alquiler-apartamentos/excelente-departamento-2d-1b-cercano-a-univ-santa-maria/31834156
VALPARAÍSO-ARRIENDO DEPTO 3D/1B CON VISTA AL MAR,$450.000,450000,CLP,,https://www.yapo.cl/bienes-raices-alquiler-apartamentos/valparaiso-arriendo-depto-3d-1b-con-vista-al-mar/31839586
"DEPARTAMENTO Departamento en Playa Ancha, borde costero",$530.000,530000,CLP,,https://www.yapo.cl/bienes-raices-alquiler-apartamentos/departamento-departamento-en-playa-ancha-borde-costero/29943578
AMPLIO DEPARTAMENTO EN CONDOMINIO  BAHÍA OCÉANO CONCON,$645.000,645000,CLP,,https://www.yapo.cl/bienes-raices-alquiler-apartamentos/amplio-departamento-en-condominio-bahia-oceano-concon/31831067
DEPARTAMENTO Cerro placeres,$330.000,330000,CLP,,https://www.yapo.cl/bienes-raices-alquiler-apartamentos/departamento-cerro-placeres/31524995
Departamento CONDOMINIO ALTURAS DE CURAUMA,$430.000,430000,CLP,-4%,https://www.yapo.cl/bienes-raices-alquiler-apartamentos/departamento-condominio-alturas-de-curauma/29029334
Depto Estilo Mariposa | Cerro Los Placeres,$590.000,590000,CLP,,https://www.yapo.cl/bienes-raices-alquiler-apartamentos/depto-estilo-mariposa-cerro-los-placeres/26643062
DEPTO MARZO-DIC BOSQUE INGLES GASTO COMÚN INCLUIDO,$480.000,480000,CLP,,https://www.yapo.cl/bienes-raices-alquiler-apartamentos/depto-marzo-dic-bosque-ingles-gasto-comun-incluido/31866848
Departamento BREMEN A PASOS DE MANUEL ANTONIO MATTA  CERRO PLACERES,$370.000,370000,CLP,,https://www.yapo.cl/bienes-raices-alquiler-apartamentos/departamento-bremen-a-pasos-de-manuel-antonio-matta-cerro-placeres/31587804
Moderno departamento studio colores de Baron (131783),$500.000,500000,CLP,,https://www.yapo.cl/bienes-raices-alquiler-apartamentos/moderno-departamento-studio-colores-de-baron-131783/31660150
DEPARTAMENTO ARRIENDO DEPTO AMOBLADO!! EDIFICIO MARPARAISO VI CERRO LOS PLACERES,$450.000,450000,CLP,,https://www.yapo.cl/bienes-raices-alquiler-apartamentos/departamento-arriendo-depto-amoblado-edificio-marparaiso-vi-cerro-los-placeres/31134973
DEPARTAMENTO Irene Morales,$470.000,470000,CLP,,https://www.yapo.cl/bienes-raices-alquiler-apartamentos/departamento-irene-morales/31843319
DEPTO EXCELENTE UBICACIÓN GASTO COMÚN INCLUIDO,$520.000,520000,CLP,,https://www.yapo.cl/bienes-raices-alquiler-apartamentos/depto-excelente-ubicacion-gasto-comun-incluido/31866851
Manuel Antonio Matta (1 Bod) [3673-3],"$400,000",400000,CLP,,https://www.yapo.cl/bienes-raices-alquiler-apartamentos/manuel-antonio-matta-1-bod-3673-3/31840616
DEPTO EXCELENTE UBICACIÓN GASTO COMÚN INCLUIDO,$490.000,490000,CLP,,https://www.yapo.cl/bienes-raices-alquiler-apartamentos/depto-excelente-ubicacion-gasto-comun-incluido/31866853
Brasil 2608 [2655-4],"$520,000",520000,CLP,,https://www.yapo.cl/bienes-raices-alquiler-apartamentos/brasil-2608-2655-4/29250510
2 Dorm - Parque Los Ingleses - Frente Sta Isabel,$390.000,390000,CLP,,https://www.yapo.cl/bienes-raices-alquiler-apartamentos/2-dorm-parque-los-ingleses-frente-sta-isabel/31707698
Precio Rebajado 3 Meses 2 Dorm Los Magnolios,$450.000,450000,CLP,,https://www.yapo.cl/bienes-raices-alquiler-apartamentos/precio-rebajado-3-meses-2-dorm-los-magnolios/31706905
Cam. los Ingleses 71 (1 Est ) [2574-3],"$460,000",460000,CLP,-2%,https://www.yapo.cl/bienes-raices-alquiler-apartamentos/cam-los-ingleses-71-1-est-2574-3/31474288
DEPARTAMENTO 2D1B PLACERES,$280.000,280000,CLP,,https://www.yapo.cl/bienes-raices-alquiler-apartamentos/departamento-2d1b-placeres/31832039
Arriendo Departamento Condominio Puertas del Lago,$450.000,450000,CLP,,https://www.yapo.cl/bienes-raices-alquiler-apartamentos/arriendo-departamento-condominio-puertas-del-lago/25869382
CERRO ALEGRE- ARRIENDO DEPTO 1D/1B CON ESTACIONAMIENTO,$570.000,570000,CLP,,https://www.yapo.cl/bienes-raices-alquiler-apartamentos/cerro-alegre-arriendo-depto-1d-1b-con-estacionamiento/31749044
DEPARTAMENTO INACAP,$480.000,480000,CLP,,https://www.yapo.cl/bienes-raices-alquiler-apartamentos/departamento-inacap/31373967
SE ARRIENDA DEPARTAMENTO CERRO ESPERANZA VALPARAISO,$520.000,520000,CLP,,https://www.yapo.cl/bienes-raices-alquiler-apartamentos/se-arrienda-departamento-cerro-esperanza-valparaiso/31591004
DEPARTAMENTO Solingen 220/ Av. Matta Valparaíso,$285.000,285000,CLP,,https://www.yapo.cl/bienes-raices-alquiler-apartamentos/departamento-solingen-220-av-matta-valparaiso/31843179
2 Dormitorios 2 Baños 2 Terrazas Edificio Los Placeres,$399.000,399000,CLP,,https://www.yapo.cl/bienes-raices-alquiler-apartamentos/2-dormitorios-2-banos-2-terrazas-edificio-los-placeres/31682908
ARRIENDO DEPARTAMENTO NUEVO EN PLACILLA,$450.000,450000,CLP,,https://www.yapo.cl/bienes-raices-alquiler-apartamentos/arriendo-departamento-nuevo-en-placilla/31342809
ARRIENDA G&D HIDALGO PROPIEDADES,$400.000,400000,CLP,,https://www.yapo.cl/bienes-raices-alquiler-apartamentos/arrienda-g-amp-d-hidalgo-propiedades/31847794
2 Dorm 2 B - Altura Colon - Amoblado,$460.000,460000,CLP,,https://www.yapo.cl/bienes-raices-alquiler-apartamentos/2-dorm-2-b-altura-colon-amoblado/31768294
Arriendo Cómodo Departamento en Cumbres de Curauma III,$480.000,480000,CLP,,https://www.yapo.cl/bienes-raices-alquiler-apartamentos/arriendo-comodo-departamento-en-cumbres-de-curauma-iii/31590059
"Ref:RE Amplio, Cómodo y Hermoso dpto de 2D+1B",$400.000,400000,CLP,,https://www.yapo.cl/bienes-raices-alquiler-apartamentos/ref-re-amplio-comodo-y-hermoso-dpto-de-2d-1b/31857498
"Arrdo Depto Amoblado Marzo-Dic Placeres, cerca Plaza La Conquista",$800.000,800000,CLP,,https://www.yapo.cl/bienes-raices-alquiler-apartamentos/arrdo-depto-amoblado-marzo-dic-placeres-cerca-plaza-la-conquista/31847640
DEPARTAMENTO Irene Morales / Cerro Placeres,$500.000,500000,CLP,,https://www.yapo.cl/bienes-raices-alquiler-apartamentos/departamento-irene-morales-cerro-placeres/31715674
2 Dormitorios 2 Baños 2 Terrazas Edificio Los Placeres,$399.000,399000,CLP,,https://www.yapo.cl/bienes-raices-alquiler-apartamentos/2-dormitorios-2-banos-2-terrazas-edificio-los-placeres/31682908
ARRIENDO 3 D+2 B EN CURAUMA (139565),$450.000,450000,CLP,,https://www.yapo.cl/bienes-raices-alquiler-apartamentos/arriendo-3-d-2-b-en-curauma-139565/31831346
"Departamento 9 Nte. 1055, 2531040 Viña del Mar, Valparaíso",$580.000,580000,CLP,,https://www.yapo.cl/bienes-raices-alquiler-apartamentos/departamento-9-nte-1055-2531040-vina-del-mar-valparaiso/31871512
DEPARTAMENTO INACAP,$480.000,480000,CLP,,https://www.yapo.cl/bienes-raices-alquiler-apartamentos/departamento-inacap/31373967
Departamento CONDOMINIO ALTURAS DE CURAUMA,$530.000,530000,CLP,,https://www.yapo.cl/bienes-raices-alquiler-apartamentos/departamento-condominio-alturas-de-curauma/31729422
"DEPARTAMENTO Departamento en Cerro Alegre, Gastos Comunes INCLUIDOS",$800.000,800000,CLP,,https://www.yapo.cl/bienes-raices-alquiler-apartamentos/departamento-departamento-en-cerro-alegre-gastos-comunes-incluidos/29038451
DEPARTAMENTO Hospital Dr. Eduardo Pereira,$320.000,320000,CLP,,https://www.yapo.cl/bienes-raices-alquiler-apartamentos/departamento-hospital-dr-eduardo-pereira/31651810
Departamento en Manuel Antonio Matta,$400.000,400000,CLP,,https://www.yapo.cl/bienes-raices-alquiler-apartamentos/departamento-en-manuel-antonio-matta/31787258
DEPARTAMENTO Edificio Valle los Ingleses 1,$580.000,580000,CLP,,https://www.yapo.cl/bienes-raices-alquiler-apartamentos/departamento-edificio-valle-los-ingleses-1/31876650
Arriendo Excelente Departamento en Cerro Placeres Valparaiso,$450.000,450000,CLP,,https://www.yapo.cl/bienes-raices-alquiler-apartamentos/arriendo-excelente-departamento-en-cerro-placeres-valparaiso/31361439
Arriendo departamento 2D 2B en cerro Placeres Valparaíso,$450.000,450000,CLP,,https://www.yapo.cl/bienes-raices-alquiler-apartamentos/arriendo-departamento-2d-2b-en-cerro-placeres-valparaiso/31864874
ARRIENDO DEPARTAMENTO EN TRIWUE RODELILLO VALPARAISO,$350.000,350000,CLP,,https://www.yapo.cl/bienes-raices-alquiler-apartamentos/arriendo-departamento-en-triwue-rodelillo-valparaiso/31414139
Arriendo departamento,$550.000,550000,CLP,,https://www.yapo.cl/bienes-raices-alquiler-apartamentos/arriendo-departamento/25902639
ARRIENDO 3 D/2 BAÑOS  ESTACIONAMIENTO INCLUIDO,$430.000,430000,CLP,-4%,https://www.yapo.cl/bienes-raices-alquiler-apartamentos/arriendo-3-d-2-banos-estacionamiento-incluido/30991491
Departamento en arriendo en Cerro Placeres,$230.000,230000,CLP,,https://www.yapo.cl/bienes-raices-alquiler-apartamentos/departamento-en-arriendo-en-cerro-placeres/31639282
ARRIENDO DEPARTAMENTO 3HAB 2BA VALPARAÍSO,$420.000,420000,CLP,,https://www.yapo.cl/bienes-raices-alquiler-apartamentos/arriendo-departamento-3hab-2ba-valparaiso/31451740
Departamento ESQUINA CALLE JORGE KENRICK,"UF12,10",480877,UF,,https://www.yapo.cl/bienes-raices-alquiler-apartamentos/departamento-esquina-calle-jorge-kenrick/31312971
"SE ARRIENDA DEPARTAMENTO 3D/2D CON ESTACIONAMIENTO , UBICADO EN NAVIO SAN MARTIN, VALPARAÍSO",$550.000,550000,CLP,,https://www.yapo.cl/bienes-raices-alquiler-apartamentos/se-arrienda-departamento-3d-2d-con-estacionamiento-ubicado-en-navio-san-martin-valparaiso/31804627
Departamento en Avenida Lomas de la Luz,$450.000,450000,CLP,,https://www.yapo.cl/bienes-raices-alquiler-apartamentos/departamento-en-avenida-lomas-de-la-luz/31700438
Arriendo Cómodo Departamento en Cumbres de Curauma III,$480.000,480000,CLP,,https://www.yapo.cl/bienes-raices-alquiler-apartamentos/arriendo-comodo-departamento-en-cumbres-de-curauma-iii/31590059
Confort y Estilo en Pleno Cerro Placeres (140994),$310.000,310000,CLP,,https://www.yapo.cl/bienes-raices-alquiler-apartamentos/confort-y-estilo-en-pleno-cerro-placeres-140994/31864426
Estudio cercano a USM Valparaiso vista al Mar (140105),$340.000,340000,CLP,,https://www.yapo.cl/bienes-raices-alquiler-apartamentos/estudio-cercano-a-usm-valparaiso-vista-al-mar-140105/31841929
1D remodelado full estilo en Bosque Inglés (136756),$400.000,400000,CLP,,https://www.yapo.cl/bienes-raices-alquiler-apartamentos/1d-remodelado-full-estilo-en-bosque-ingles-136756/31772016
Departamento CAMINO LOS INGLESES,$400.000,400000,CLP,,https://www.yapo.cl/bienes-raices-alquiler-apartamentos/departamento-camino-los-ingleses/30348388
DEPARTAMENTO Curauma,$470.000,470000,CLP,-1%,https://www.yapo.cl/bienes-raices-alquiler-apartamentos/departamento-curauma/30134273
DEPARTAMENTO SOL DE CURAUMA,$450.000,450000,CLP,,https://www.yapo.cl/bienes-raices-alquiler-apartamentos/departamento-sol-de-curauma/31271606
DEPTO MARZO-DIC BOSQUE INGLES GASTO COMÚN INCLUIDO,$480.000,480000,CLP,,https://www.yapo.cl/bienes-raices-alquiler-apartamentos/depto-marzo-dic-bosque-ingles-gasto-comun-incluido/31866848
Depto 1d1b cercano a USM y plan valparaiso  (140118),$360.000,360000,CLP,,https://www.yapo.cl/bienes-raices-alquiler-apartamentos/depto-1d1b-cercano-a-usm-y-plan-valparaiso-140118/31842236
DEPARTAMENTO EN ARRIENDO CERRO LARRAÍN - VALPARAÍSO,$560.000,560000,CLP,,https://www.yapo.cl/bienes-raices-alquiler-apartamentos/departamento-en-arriendo-cerro-larrain-valparaiso/31271607
Departamento en arriendo en Cerro Placeres,$230.000,230000,CLP,,https://www.yapo.cl/bienes-raices-alquiler-apartamentos/departamento-en-arriendo-en-cerro-placeres/31639282
"Departamento en arriendo 2D/2B, Beucheff, cerro OhigginsValparaíso",$360.000,360000,CLP,,https://www.yapo.cl/bienes-raices-alquiler-apartamentos/departamento-en-arriendo-2d-2b-beucheff-cerro-ohigginsvalparaiso/31849963
DEPARTAMENTO Cerro placeres,$330.000,330000,CLP,,https://www.yapo.cl/bienes-raices-alquiler-apartamentos/departamento-cerro-placeres/31524995
Arriendo Excelente Departamento en Cerro Placeres Valparaiso,$450.000,450000,CLP,,https://www.yapo.cl/bienes-raices-alquiler-apartamentos/arriendo-excelente-departamento-en-cerro-placeres-valparaiso/31361439
Loft para estudiantes,$450.000,450000,CLP,,https://www.yapo.cl/bienes-raices-alquiler-apartamentos/loft-para-estudiantes/26883589
DEPARTAMENTO Dúplex en Cerro Alegre,$600.000,600000,CLP,,https://www.yapo.cl/bienes-raices-alquiler-apartamentos/departamento-duplex-en-cerro-alegre/30325783
A PASOS DE CONDELL,$550.000,550000,CLP,,https://www.yapo.cl/bienes-raices-alquiler-apartamentos/a-pasos-de-condell/31781886
Departamento en Avenida Lomas de la Luz,$360.000,360000,CLP,,https://www.yapo.cl/bienes-raices-alquiler-apartamentos/departamento-en-avenida-lomas-de-la-luz/31838343
DEPARTAMENTO Torre baron 2,$550.000,550000,CLP,,https://www.yapo.cl/bienes-raices-alquiler-apartamentos/departamento-torre-baron-2/31758324
DEPARTAMENTO Ibsen,$540.000,540000,CLP,,https://www.yapo.cl/bienes-raices-alquiler-apartamentos/departamento-ibsen/31551316
Departamento BREMEN 290,$450.000,450000,CLP,,https://www.yapo.cl/bienes-raices-alquiler-apartamentos/departamento-bremen-290/31762762
año corrido enero amoblado 1d1b (137357),$350.000,350000,CLP,-3%,https://www.yapo.cl/bienes-raices-alquiler-apartamentos/ano-corrido-enero-amoblado-1d1b-137357/31783572
ARRIENDO 3 D/2 BAÑOS  ESTACIONAMIENTO INCLUIDO,$430.000,430000,CLP,-4%,https://www.yapo.cl/bienes-raices-alquiler-apartamentos/arriendo-3-d-2-banos-estacionamiento-incluido/30991491
DEPARTAMENTO Belgrano con Vega,$450.000,450000,CLP,,https://www.yapo.cl/bienes-raices-alquiler-apartamentos/departamento-belgrano-con-vega/31871700
ARRIENDO DEPARTAMENTO EN JARDINES DE CURAUMA,$430.000,430000,CLP,,https://www.yapo.cl/bienes-raices-alquiler-apartamentos/arriendo-departamento-en-jardines-de-curauma/31353033
Departamento en Avenida Lomas de la Luz,$360.000,360000,CLP,,https://www.yapo.cl/bienes-raices-alquiler-apartamentos/departamento-en-avenida-lomas-de-la-luz/31055143
Gran Departamento en Arriendo - Cumbres de Curauma V,"UF600.000,00",600000,CLP (Corregido),,https://www.yapo.cl/bienes-raices-alquiler-apartamentos/gran-departamento-en-arriendo-cumbres-de-curauma-v/31831007
"DEPARTAMENTO Departamento en Cerro Alegre, Gastos Comunes INCLUIDOS",$800.000,800000,CLP,,https://www.yapo.cl/bienes-raices-alquiler-apartamentos/departamento-departamento-en-cerro-alegre-gastos-comunes-incluidos/29038451
Brasil 2608 [2655-4],"$520,000",520000,CLP,,https://www.yapo.cl/bienes-raices-alquiler-apartamentos/brasil-2608-2655-4/29250510
Amplio Departamento Arriendo en Cerro Placeres,$550.000,550000,CLP,,https://www.yapo.cl/bienes-raices-alquiler-apartamentos/amplio-departamento-arriendo-en-cerro-placeres/26398745
Moderno SIN Comunes - Dpto - Amplio C° Merced 3 Niveles 2d 2b Estac Gran Estar Patio tipo terraza,$650.000,650000,CLP,,https://www.yapo.cl/bienes-raices-alquiler-apartamentos/moderno-sin-comunes-dpto-amplio-c-merced-3-niveles-2d-2b-estac-gran-estar-patio-tipo-terraza/31840038
DEPARTAMENTO Cerro Polanco,$300.000,300000,CLP,,https://www.yapo.cl/bienes-raices-alquiler-apartamentos/departamento-cerro-polanco/31871556
Departamento CONDOMINIO CUMBRES V,$460.000,460000,CLP,-4%,https://www.yapo.cl/bienes-raices-alquiler-apartamentos/departamento-condominio-cumbres-v/28718227
2 Dormitorios 2 Baños 2 Terrazas Edificio Los Placeres,$399.000,399000,CLP,,https://www.yapo.cl/bienes-raices-alquiler-apartamentos/2-dormitorios-2-banos-2-terrazas-edificio-los-placeres/31682908
DEPARTAMENTO San Guillermo con Blanca,$650.000,650000,CLP,,https://www.yapo.cl/bienes-raices-alquiler-apartamentos/departamento-san-guillermo-con-blanca/31668833
"{""Error"":""Could Not Find A Suitable Tls Ca Ce (139259)",$650.000,650000,CLP,,https://www.yapo.cl/bienes-raices-alquiler-apartamentos/quot-error-quot-quot-could-not-find-a-suitable-tls-ca-ce-139259/31826271
Departamento CONDOMINIO ALTURAS DE CURAUMA,$530.000,530000,CLP,,https://www.yapo.cl/bienes-raices-alquiler-apartamentos/departamento-condominio-alturas-de-curauma/31729422
Arriendo departamento en Cerro Merced,$550.000,550000,CLP,,https://www.yapo.cl/bienes-raices-alquiler-apartamentos/arriendo-departamento-en-cerro-merced/31444996
DEPARTAMENTO Hospital DR. Eduardo Pereira,$350.000,350000,CLP,-8%,https://www.yapo.cl/bienes-raices-alquiler-apartamentos/departamento-hospital-dr-eduardo-pereira/31827955
2 Dorm - Parque Los Ingleses - Frente Sta Isabel,$390.000,390000,CLP,,https://www.yapo.cl/bienes-raices-alquiler-apartamentos/2-dorm-parque-los-ingleses-frente-sta-isabel/31707698
DEPARTAMENTO Hospital DR. Eduardo Pereira,$350.000,350000,CLP,-8%,https://www.yapo.cl/bienes-raices-alquiler-apartamentos/departamento-hospital-dr-eduardo-pereira/31827955
Gran Departamento en Arriendo - Cumbres de Curauma V,"UF600.000,00",600000,CLP (Corregido),,https://www.yapo.cl/bienes-raices-alquiler-apartamentos/gran-departamento-en-arriendo-cumbres-de-curauma-v/31831007
Arriendo departamento en Cerro Merced,$550.000,550000,CLP,,https://www.yapo.cl/bienes-raices-alquiler-apartamentos/arriendo-departamento-en-cerro-merced/31444999
ARRIENDO DEPARTAMENTO CUMBRES DE CURAUMA II,$450.000,450000,CLP,,https://www.yapo.cl/bienes-raices-alquiler-apartamentos/arriendo-departamento-cumbres-de-curauma-ii/31620435
"Departamento 9 Nte. 1055, 2531040 Viña del Mar, Valparaíso",$580.000,580000,CLP,,https://www.yapo.cl/bienes-raices-alquiler-apartamentos/departamento-9-nte-1055-2531040-vina-del-mar-valparaiso/31871512
Arriendo Cómodo Departamento en Cumbres de Curauma III,$480.000,480000,CLP,,https://www.yapo.cl/bienes-raices-alquiler-apartamentos/arriendo-comodo-departamento-en-cumbres-de-curauma-iii/31590059
Moderno SIN Comunes - Dpto - Amplio C° Merced 3 Niveles 2d 2b Estac Gran Estar Patio tipo terraza,$650.000,650000,CLP,,https://www.yapo.cl/bienes-raices-alquiler-apartamentos/moderno-sin-comunes-dpto-amplio-c-merced-3-niveles-2d-2b-estac-gran-estar-patio-tipo-terraza/31840038
Departamento en arriendo (117932),$500.000,500000,CLP,,https://www.yapo.cl/bienes-raices-alquiler-apartamentos/departamento-en-arriendo-117932/31314586
Depto 1d1b cercano a USM y plan valparaiso  (140118),$360.000,360000,CLP,,https://www.yapo.cl/bienes-raices-alquiler-apartamentos/depto-1d1b-cercano-a-usm-y-plan-valparaiso-140118/31842236
"Ref:RE          Hermoso, Amplio y Cómodo Dpto 2D+1B+ Estacionamiento",$380.000,380000,CLP,,https://www.yapo.cl/bienes-raices-alquiler-apartamentos/ref-re-hermoso-amplio-y-comodo-dpto-2d-1b-estacionamiento/31857243
ARRIENDO DEPARTAMENTO EN TRIWUE RODELILLO VALPARAISO,$350.000,350000,CLP,,https://www.yapo.cl/bienes-raices-alquiler-apartamentos/arriendo-departamento-en-triwue-rodelillo-valparaiso/31414139
Departamento BARRIO PARQUE - CURAUMA,$490.000,490000,CLP,,https://www.yapo.cl/bienes-raices-alquiler-apartamentos/departamento-barrio-parque-curauma/31711331
Brasil 2608 [2655-1],"$440,000",440000,CLP,,https://www.yapo.cl/bienes-raices-alquiler-apartamentos/brasil-2608-2655-1/29262304
"DEPARTAMENTO Diego Portales , Valparaíso (cvd-46.444)",$480.000,480000,CLP,,https://www.yapo.cl/bienes-raices-alquiler-apartamentos/departamento-diego-portales-valparaiso-cvd-46-444/31692179
Arriendo Depto Amoblado Plan Valpo GC incluido,$570.000,570000,CLP,,https://www.yapo.cl/bienes-raices-alquiler-apartamentos/arriendo-depto-amoblado-plan-valpo-gc-incluido/25879856
Se arrienda dp en Placeres 2D 2B (76944),$500.000,500000,CLP,,https://www.yapo.cl/bienes-raices-alquiler-apartamentos/se-arrienda-dp-en-placeres-2d-2b-76944/29861448
2 Dormitorios 2 Baños 2 Terrazas Edificio Los Placeres,$399.000,399000,CLP,,https://www.yapo.cl/bienes-raices-alquiler-apartamentos/2-dormitorios-2-banos-2-terrazas-edificio-los-placeres/31682908
DEPARTAMENTO Condominio Valle los Ingleses 1,$480.000,480000,CLP,,https://www.yapo.cl/bienes-raices-alquiler-apartamentos/departamento-condominio-valle-los-ingleses-1/31803078
Cam. los Ingleses 71 (1 Est ) [2574-3],"$460,000",460000,CLP,-2%,https://www.yapo.cl/bienes-raices-alquiler-apartamentos/cam-los-ingleses-71-1-est-2574-3/31474288
2 DORM – VISTA AL MAR MIRADOR BARON,$750.000,750000,CLP,,https://www.yapo.cl/bienes-raices-alquiler-apartamentos/2-dorm-vista-al-mar-mirador-baron/31522967
Amoblado con Linda Vista a Viña del Mar Año Corrido,$360.000,360000,CLP,-5%,https://www.yapo.cl/bienes-raices-alquiler-apartamentos/amoblado-con-linda-vista-a-vina-del-mar-ano-corrido/31377421
Arriendo Excelente Departamento en Cerro Placeres Valparaiso,$450.000,450000,CLP,,https://www.yapo.cl/bienes-raices-alquiler-apartamentos/arriendo-excelente-departamento-en-cerro-placeres-valparaiso/31361439
ARRIENDO DEPTO  1 DORMIT CERRO PLACERES,$325.000,325000,CLP,,https://www.yapo.cl/bienes-raices-alquiler-apartamentos/arriendo-depto-1-dormit-cerro-placeres/31828455
DEPARTAMENTO Dúplex en Cerro Alegre,$600.000,600000,CLP,,https://www.yapo.cl/bienes-raices-alquiler-apartamentos/departamento-duplex-en-cerro-alegre/30325783
"Departamento Av. Lomas de la Luz, Valparaíso",$430.000,430000,CLP,,https://www.yapo.cl/bienes-raices-alquiler-apartamentos/departamento-av-lomas-de-la-luz-valparaiso/31822845
"ARRIENDO DEPTO AMOBLADO EN CERRO LOS PLACERES,1D+1B,VALPARASIO",$400.000,400000,CLP,,https://www.yapo.cl/bienes-raices-alquiler-apartamentos/arriendo-depto-amoblado-en-cerro-los-placeres-1d-1b-valparasio/30900406
Arriendo departamento CURAUMA,$730.000,730000,CLP,,https://www.yapo.cl/bienes-raices-alquiler-apartamentos/arriendo-departamento-curauma/26136428
Amplio departamento en valparaiso,$450.000,450000,CLP,,https://www.yapo.cl/bienes-raices-alquiler-apartamentos/amplio-departamento-en-valparaiso/26515238
Departamento nuevo amoblado,$470.000,470000,CLP,,https://www.yapo.cl/bienes-raices-alquiler-apartamentos/departamento-nuevo-amoblado/26659930
DEPARTAMENTO NUEVO SIN USO MIRADOR PLACERES II,$500.000,500000,CLP,,https://www.yapo.cl/bienes-raices-alquiler-apartamentos/departamento-nuevo-sin-uso-mirador-placeres-ii/31825533
"ARRIENDO DEPTO EN CERRO LOS PLACERES, 2D+1B",$440.000,440000,CLP,,https://www.yapo.cl/bienes-raices-alquiler-apartamentos/arriendo-depto-en-cerro-los-placeres-2d-1b/31187909
"Arriendo departamento en Cerro placeres, cerca de",$500.000,500000,CLP,,https://www.yapo.cl/bienes-raices-alquiler-apartamentos/arriendo-departamento-en-cerro-placeres-cerca-de/26142537
Arriendo departamento pedromontt,$320.000,320000,CLP,,https://www.yapo.cl/bienes-raices-alquiler-apartamentos/arriendo-departamento-pedromontt/26572617
DEPARTAMENTO NUEVO SIN USO MIRADOR PLACERES II,$480.000,480000,CLP,,https://www.yapo.cl/bienes-raices-alquiler-apartamentos/departamento-nuevo-sin-uso-mirador-placeres-ii/31825546
Se arrienda departamento en valparaiso,$400.000,400000,CLP,,https://www.yapo.cl/bienes-raices-alquiler-apartamentos/se-arrienda-departamento-en-valparaiso/25994699
depto jardin suizo,$320.000,320000,CLP,,https://www.yapo.cl/bienes-raices-alquiler-apartamentos/depto-jardin-suizo/26595467
Hermoso depto 2D 2B 1E Cerro Ohiggins,$450.000,450000,CLP,,https://www.yapo.cl/bienes-raices-alquiler-apartamentos/hermoso-depto-2d-2b-1e-cerro-ohiggins/28040844
Arriendo loft,$250.000,250000,CLP,,https://www.yapo.cl/bienes-raices-alquiler-apartamentos/arriendo-loft/25965900
Arriendo de Departamento,$300.000,300000,CLP,,https://www.yapo.cl/bienes-raices-alquiler-apartamentos/arriendo-de-departamento/28218448
"480.000 excelente dpto 3D2B GC incluido , Curaum",$480.000,480000,CLP,,https://www.yapo.cl/bienes-raices-alquiler-apartamentos/480-000-excelente-dpto-3d2b-gc-incluido-curaum/26596049
Arriendo Departamento Sin Muebles – Condominio Vista al Valle III,$400.000,400000,CLP,,https://www.yapo.cl/bienes-raices-alquiler-apartamentos/arriendo-departamento-sin-muebles-condominio-vista-al-valle-iii/31474193
Depto Amoblado en Curauma 3D 1B 1E *GC INCLUIDO,$600.000,600000,CLP,,https://www.yapo.cl/bienes-raices-alquiler-apartamentos/depto-amoblado-en-curauma-3d-1b-1e-gc-incluido/31810194
"ARRIENDO DPTO AMOBLADO, 2 DOR Y 1 BAÑO",$500.000,500000,CLP,-9%,https://www.yapo.cl/bienes-raices-alquiler-apartamentos/arriendo-dpto-amoblado-2-dor-y-1-bano/31710930
DEPARTAMENTO CUMBRES  DE CURAUMA V - VALPARAISO - 3D 2B 1E 1B,$600.000,600000,CLP,,https://www.yapo.cl/bienes-raices-alquiler-apartamentos/departamento-cumbres-de-curauma-v-valparaiso-3d-2b-1e-1b/31854354
CURAUMA - DEPTO JARDINES DEL LAGO - 1D 1B 1E,$350.000,350000,CLP,,https://www.yapo.cl/bienes-raices-alquiler-apartamentos/curauma-depto-jardines-del-lago-1d-1b-1e/31871827
Departamento en Valparaíso,$350.000,350000,CLP,,https://www.yapo.cl/bienes-raices-alquiler-apartamentos/departamento-en-valparaiso/26697429
CURAUMA - DEPTO CONDOMINIO PUERTAS DEL LAGO - 2D 1B 1E,$445.000,445000,CLP,,https://www.yapo.cl/bienes-raices-alquiler-apartamentos/curauma-depto-condominio-puertas-del-lago-2d-1b-1e/31871829
Arriendo Depto nuevo 79 m 2 bodega estac,$550.000,550000,CLP,,https://www.yapo.cl/bienes-raices-alquiler-apartamentos/arriendo-depto-nuevo-79-m-2-bodega-estac/25925973
Departamento en Valparaiso,$565.000,565000,CLP,,https://www.yapo.cl/bienes-raices-alquiler-apartamentos/departamento-en-valparaiso/27953110
depto. dueña,$300.000,300000,CLP,,https://www.yapo.cl/bienes-raices-alquiler-apartamentos/depto-duena/26915927
Departamento en Valparaíso con excelente vista,$340.000,340000,CLP,,https://www.yapo.cl/bienes-raices-alquiler-apartamentos/departamento-en-valparaiso-con-excelente-vista/25891417
Arriendo departamento,$430.000,430000,CLP,,https://www.yapo.cl/bienes-raices-alquiler-apartamentos/arriendo-departamento/26741209
Se arrienda depto amoblado,$750.000,750000,CLP,,https://www.yapo.cl/bienes-raices-alquiler-apartamentos/se-arrienda-depto-amoblado/25872987
ARRIENDO DEPARTAMENTO DE UN AMBIENTE,$340.000,340000,CLP,,https://www.yapo.cl/bienes-raices-alquiler-apartamentos/arriendo-departamento-de-un-ambiente/31849372
Arriendo 2 Estudiantes,$550.000,550000,CLP,,https://www.yapo.cl/bienes-raices-alquiler-apartamentos/arriendo-2-estudiantes/25892382
PATAGUAS- BARRIO INGLES,$435.000,435000,CLP,-3%,https://www.yapo.cl/bienes-raices-alquiler-apartamentos/pataguas-barrio-ingles/31245727
Se arrienda depto. Sector Parque los Ingleses,$500.000,500000,CLP,,https://www.yapo.cl/bienes-raices-alquiler-apartamentos/se-arrienda-depto-sector-parque-los-ingleses/25895840
"Arriendo departamento pie Cerro Barón, edificio San Francisco seguro y tranquilo.",$450,450,CLP,,https://www.yapo.cl/bienes-raices-alquiler-apartamentos/arriendo-departamento-pie-cerro-baron-edificio-san-francisco-seguro-y-tranquilo/31841505
"VENDO HERMOSO DEPTO CERRO LOS PLACERES,2D+2B+1B","UF3.000,00",119225940,UF,,https://www.yapo.cl/bienes-raices-alquiler-apartamentos/vendo-hermoso-depto-cerro-los-placeres-2d-2b-1b/30900322
Amplio departamento sector residencial de Curauma,$390.000,390000,CLP,-9%,https://www.yapo.cl/bienes-raices-alquiler-apartamentos/amplio-departamento-sector-residencial-de-curauma/31692514
Depto. Vista del Valle 3D-2B,$450.000,450000,CLP,,https://www.yapo.cl/bienes-raices-alquiler-apartamentos/depto-vista-del-valle-3d-2b/26074681
Departamento placilla,$430.000,430000,CLP,,https://www.yapo.cl/bienes-raices-alquiler-apartamentos/departamento-placilla/25874935
ARRIENDO DEPTO ESTUDIO CON GASTOS COMUNES INCLUIDOS,$350.000,350000,CLP,,https://www.yapo.cl/bienes-raices-alquiler-apartamentos/arriendo-depto-estudio-con-gastos-comunes-incluidos/31865124
DEPARTAMENTO NUEVO SIN USO MIRADOR PLACERES II,$500.000,500000,CLP,,https://www.yapo.cl/bienes-raices-alquiler-apartamentos/departamento-nuevo-sin-uso-mirador-placeres-ii/31825533
Se Arrienda  hermoso departamento amoblado en Valparaiso,$500.000,500000,CLP,,https://www.yapo.cl/bienes-raices-alquiler-apartamentos/se-arrienda-hermoso-departamento-amoblado-en-valparaiso/31868141
SE ARRIENDA DEPARTAMENTO LOS INGLESES VALPARAISO,$390.000,390000,CLP,,https://www.yapo.cl/bienes-raices-alquiler-apartamentos/se-arrienda-departamento-los-ingleses-valparaiso/31815533
ARRIENDO DEPARTAMENTO DE UN AMBIENTE,$340.000,340000,CLP,,https://www.yapo.cl/bienes-raices-alquiler-apartamentos/arriendo-departamento-de-un-ambiente/31849372
Departamento a estudiantes,$440.000,440000,CLP,,https://www.yapo.cl/bienes-raices-alquiler-apartamentos/departamento-a-estudiantes/25883845
Departamento amoblado en Valparaíso,$550.000,550000,CLP,,https://www.yapo.cl/bienes-raices-alquiler-apartamentos/departamento-amoblado-en-valparaiso/26847914
Departamento valparaiso 2h edificio geopark,$600.000,600000,CLP,,https://www.yapo.cl/bienes-raices-alquiler-apartamentos/departamento-valparaiso-2h-edificio-geopark/26558160
VALPARAÍSO - DEPARTAMENTO NAVIO SAN MARTIN - 2D 1E,$430.000,430000,CLP,,https://www.yapo.cl/bienes-raices-alquiler-apartamentos/valparaiso-departamento-navio-san-martin-2d-1e/31753337
BARRIO INGLÉS-NAVIO SAN MARTÍN-VALPARAÍSO,$520.000,520000,CLP,,https://www.yapo.cl/bienes-raices-alquiler-apartamentos/barrio-ingles-navio-san-martin-valparaiso/31806768
"Arriendo departamento sin amueblar, un dormitorio,",$360.000,360000,CLP,,https://www.yapo.cl/bienes-raices-alquiler-apartamentos/arriendo-departamento-sin-amueblar-un-dormitorio/26141681
Depto Amoblado en Curauma 3D 1B 1E *GC INCLUIDO,$600.000,600000,CLP,,https://www.yapo.cl/bienes-raices-alquiler-apartamentos/depto-amoblado-en-curauma-3d-1b-1e-gc-incluido/31810194
Depto. 3 dormitorio. 2baños. Estacionam. y bodega,$470.000,470000,CLP,,https://www.yapo.cl/bienes-raices-alquiler-apartamentos/depto-3-dormitorio-2banos-estacionam-y-bodega/26642006
Departamento amoblado estudiantes,$450.000,450000,CLP,,https://www.yapo.cl/bienes-raices-alquiler-apartamentos/departamento-amoblado-estudiantes/25890288
Edificio Mirador Placeres 2,$450.000,450000,CLP,,https://www.yapo.cl/bienes-raices-alquiler-apartamentos/edificio-mirador-placeres-2/25875768
Amplio departamento sector residencial de Curauma,$390.000,390000,CLP,-9%,https://www.yapo.cl/bienes-raices-alquiler-apartamentos/amplio-departamento-sector-residencial-de-curauma/31692514
"Arriendo d-401, 2d+1b 48m2 sector los ingleses",$420.000,420000,CLP,,https://www.yapo.cl/bienes-raices-alquiler-apartamentos/arriendo-d-401-2d-1b-48m2-sector-los-ingleses/26481446
DEPARTAMENTO Navio San Martin,$390.000,390000,CLP,,https://www.yapo.cl/bienes-raices-alquiler-apartamentos/departamento-navio-san-martin/31724162
DEPARTAMENTO Universidad Santa Maria,$700.000,700000,CLP,,https://www.yapo.cl/bienes-raices-alquiler-apartamentos/departamento-universidad-santa-maria/31833489
Arriendo departamento en 7mo piso - Playa Ancha,$455.000,455000,CLP,,https://www.yapo.cl/bienes-raices-alquiler-apartamentos/arriendo-departamento-en-7mo-piso-playa-ancha/31856507
Espacioso departamento a pasos de USM. (122249),$590.000,590000,CLP,-3%,https://www.yapo.cl/bienes-raices-alquiler-apartamentos/espacioso-departamento-a-pasos-de-usm-122249/31426327
Se arrienda departamento amoblado,$460.000,460000,CLP,,https://www.yapo.cl/bienes-raices-alquiler-apartamentos/se-arrienda-departamento-amoblado/27950638
DEPARTAMENTO NUEVO SIN USO MIRADOR PLACERES II,$480.000,480000,CLP,,https://www.yapo.cl/bienes-raices-alquiler-apartamentos/departamento-nuevo-sin-uso-mirador-placeres-ii/31825546
Se arrienda tecnológico departamento,$320.000,320000,CLP,,https://www.yapo.cl/bienes-raices-alquiler-apartamentos/se-arrienda-tecnologico-departamento/26812031
Arriendo,$600.000,600000,CLP,,https://www.yapo.cl/bienes-raices-alquiler-apartamentos/arriendo/25864129
DEPARTAMENTO LAS OCHAGAVIAS II - 2D 1B 1E 1B - CURAUMA,$430.000,430000,CLP,,https://www.yapo.cl/bienes-raices-alquiler-apartamentos/departamento-las-ochagavias-ii-2d-1b-1e-1b-curauma/31817740
Departamento en Valparaiso,$565.000,565000,CLP,,https://www.yapo.cl/bienes-raices-alquiler-apartamentos/departamento-en-valparaiso/27953110
Arriendo departamento,$430.000,430000,CLP,,https://www.yapo.cl/bienes-raices-alquiler-apartamentos/arriendo-departamento/26741209
VALPARAÍSO - DEPTO CONDOMINIO ALTO PARAÍSO - 3D 2B 1E 1B,$600.000,600000,CLP,,https://www.yapo.cl/bienes-raices-alquiler-apartamentos/valparaiso-depto-condominio-alto-paraiso-3d-2b-1e-1b/31833332
"Arriendo departamento en Cerro placeres, cerca de",$500.000,500000,CLP,,https://www.yapo.cl/bienes-raices-alquiler-apartamentos/arriendo-departamento-en-cerro-placeres-cerca-de/26142537
Departamento Valparaiso,$480.000,480000,CLP,,https://www.yapo.cl/bienes-raices-alquiler-apartamentos/departamento-valparaiso/31665329
Se arrienda tecnológico departamento,$320.000,320000,CLP,,https://www.yapo.cl/bienes-raices-alquiler-apartamentos/se-arrienda-tecnologico-departamento/26812031
Departamento en Placeres,$380.000,380000,CLP,,https://www.yapo.cl/bienes-raices-alquiler-apartamentos/departamento-en-placeres/26788171
VALPARAÍSO - EDIFICIO CROMA LOFT - 2D 2B 1E,$600.000,600000,CLP,,https://www.yapo.cl/bienes-raices-alquiler-apartamentos/valparaiso-edificio-croma-loft-2d-2b-1e/31509549
Departamento en arriendo en Valparaiso,$450.000,450000,CLP,,https://www.yapo.cl/bienes-raices-alquiler-apartamentos/departamento-en-arriendo-en-valparaiso/25860852
Espacioso departamento a pasos de USM. (122249),$590.000,590000,CLP,-3%,https://www.yapo.cl/bienes-raices-alquiler-apartamentos/espacioso-departamento-a-pasos-de-usm-122249/31426327
Departamento en Barrio Parque Curauma,$420.000,420000,CLP,,https://www.yapo.cl/bienes-raices-alquiler-apartamentos/departamento-en-barrio-parque-curauma/25889568
"Arrienda dueña, departamento en Valparaíso",$280.000,280000,CLP,,https://www.yapo.cl/bienes-raices-alquiler-apartamentos/arrienda-duena-departamento-en-valparaiso/25889764
Depto Amoblado en Cerro Polanco 1D 1B 1E *GC INCLUIDOS,$450.000,450000,CLP,,https://www.yapo.cl/bienes-raices-alquiler-apartamentos/depto-amoblado-en-cerro-polanco-1d-1b-1e-gc-incluidos/31832955
"ARRIENDO DPTO AMOBLADO, 2 DOR Y 1 BAÑO",$500.000,500000,CLP,-9%,https://www.yapo.cl/bienes-raices-alquiler-apartamentos/arriendo-dpto-amoblado-2-dor-y-1-bano/31710930
BARRIO INGLÉS-NAVIO SAN MARTÍN-VALPARAÍSO,$520.000,520000,CLP,,https://www.yapo.cl/bienes-raices-alquiler-apartamentos/barrio-ingles-navio-san-martin-valparaiso/31806768
"ARRIENDO DEPTO EN CERRO LOS PLACERES, 2D+1B",$440.000,440000,CLP,,https://www.yapo.cl/bienes-raices-alquiler-apartamentos/arriendo-depto-en-cerro-los-placeres-2d-1b/31187909
Hermosa vista  / Excelente ubicación.,"$520.000      
        Destacado",520000,CLP,,https://www.yapo.cl/bienes-raices-alquiler-apartamentos/hermosa-vista-excelente-ubicacion/31868850
"Departamento Ricardo de Ferrari, Valparaíso",$220.000,220000,CLP,,https://www.yapo.cl/bienes-raices-alquiler-apartamentos/departamento-ricardo-de-ferrari-valparaiso/31419934
Hermoso depto 2D 2B 1E Cerro Ohiggins,$450.000,450000,CLP,,https://www.yapo.cl/bienes-raices-alquiler-apartamentos/hermoso-depto-2d-2b-1e-cerro-ohiggins/28040844
DEPARTAMENTO Frente a hospital pereira,$400.000,400000,CLP,,https://www.yapo.cl/bienes-raices-alquiler-apartamentos/departamento-frente-a-hospital-pereira/31865943
"ARRIENDO DEPTO AMOBLADO EN CERRO LOS PLACERES,1D+1B,VALPARASIO",$400.000,400000,CLP,,https://www.yapo.cl/bienes-raices-alquiler-apartamentos/arriendo-depto-amoblado-en-cerro-los-placeres-1d-1b-valparasio/30900406
Departamento vista a la bahia valparaiso,$550.000,550000,CLP,,https://www.yapo.cl/bienes-raices-alquiler-apartamentos/departamento-vista-a-la-bahia-valparaiso/25858734
Departamento 1H/ 1B Mirador Placeres II,$330.000,330000,CLP,,https://www.yapo.cl/bienes-raices-alquiler-apartamentos/departamento-1h-1b-mirador-placeres-ii/26620572
Departamento dúplex cerro Bellavista 2D 2B,$550.000,550000,CLP,,https://www.yapo.cl/bienes-raices-alquiler-apartamentos/departamento-duplex-cerro-bellavista-2d-2b/26833972
Arriendo departamento en curauma,$450.000,450000,CLP,,https://www.yapo.cl/bienes-raices-alquiler-apartamentos/arriendo-departamento-en-curauma/25864360
PATAGUAS- BARRIO INGLES,$435.000,435000,CLP,-3%,https://www.yapo.cl/bienes-raices-alquiler-apartamentos/pataguas-barrio-ingles/31245727
Cerro Placeres Depto 2 Estudiantes,$460.000,460000,CLP,,https://www.yapo.cl/bienes-raices-alquiler-apartamentos/cerro-placeres-depto-2-estudiantes/31846739
Se arrienda departamento amoblado,$460.000,460000,CLP,,https://www.yapo.cl/bienes-raices-alquiler-apartamentos/se-arrienda-departamento-amoblado/27950638
DEPARTAMENTO Edificio Lynch,$400.000,400000,CLP,,https://www.yapo.cl/bienes-raices-alquiler-apartamentos/departamento-edificio-lynch/31769335
Departamento para estudiantes,$490.000,490000,CLP,,https://www.yapo.cl/bienes-raices-alquiler-apartamentos/departamento-para-estudiantes/25888420
"Arriendo departamento pie Cerro Barón, edificio San Francisco seguro y tranquilo.",$450,450,CLP,,https://www.yapo.cl/bienes-raices-alquiler-apartamentos/arriendo-departamento-pie-cerro-baron-edificio-san-francisco-seguro-y-tranquilo/31841505
Amplio departamento sector residencial de Curauma,$390.000,390000,CLP,-9%,https://www.yapo.cl/bienes-raices-alquiler-apartamentos/amplio-departamento-sector-residencial-de-curauma/31692514
Se arrienda loft en cerro alegre,$450.000,450000,CLP,,https://www.yapo.cl/bienes-raices-alquiler-apartamentos/se-arrienda-loft-en-cerro-alegre/25900520
Edificio Mirador Placeres 2,$450.000,450000,CLP,,https://www.yapo.cl/bienes-raices-alquiler-apartamentos/edificio-mirador-placeres-2/25875768
Se arrienda depto. Sector Parque los Ingleses,$500.000,500000,CLP,,https://www.yapo.cl/bienes-raices-alquiler-apartamentos/se-arrienda-depto-sector-parque-los-ingleses/25895840
VALPARAÍSO - EDIFICIO HORIZONTE CERRO BARÓN - 2D 2B 1E,$500.000,500000,CLP,,https://www.yapo.cl/bienes-raices-alquiler-apartamentos/valparaiso-edificio-horizonte-cerro-baron-2d-2b-1e/31707360
Arriendo Departamento Sin Muebles – Condominio Vista al Valle III,$400.000,400000,CLP,,https://www.yapo.cl/bienes-raices-alquiler-apartamentos/arriendo-departamento-sin-muebles-condominio-vista-al-valle-iii/31474193
Un Ambiente Centro Placeres - Año Corrido,$330.000,330000,CLP,,https://www.yapo.cl/bienes-raices-alquiler-apartamentos/un-ambiente-centro-placeres-ano-corrido/31769970
"VENDO HERMOSO DEPTO CERRO LOS PLACERES,2D+2B+1B","UF3.000,00",119225940,UF,,https://www.yapo.cl/bienes-raices-alquiler-apartamentos/vendo-hermoso-depto-cerro-los-placeres-2d-2b-1b/30900322
Arriendo de Departamento Edificio Vista Mar Valparaiso,$500.000,500000,CLP,,https://www.yapo.cl/bienes-raices-alquiler-apartamentos/arriendo-de-departamento-edificio-vista-mar-valparaiso/31802210
Departamento nuevo amoblado,$470.000,470000,CLP,,https://www.yapo.cl/bienes-raices-alquiler-apartamentos/departamento-nuevo-amoblado/26659930
DEPARTAMENTO OCHAGAVIAS II - CURAUMA PLACILLA - 2D 1B 1E,$430.000,430000,CLP,,https://www.yapo.cl/bienes-raices-alquiler-apartamentos/departamento-ochagavias-ii-curauma-placilla-2d-1b-1e/31585682
Departamento vista del valle 1 450.000,$450.000,450000,CLP,,https://www.yapo.cl/bienes-raices-alquiler-apartamentos/departamento-vista-del-valle-1-450-000/25894075
VALPARAÍSO - DPTO CONDOMINIO REINA VICTORIA - 4D 2B 1E 1B,$700.000,700000,CLP,,https://www.yapo.cl/bienes-raices-alquiler-apartamentos/valparaiso-dpto-condominio-reina-victoria-4d-2b-1e-1b/31854523
Parque Los Ingleses (San Roque),$350.000,350000,CLP,-5%,https://www.yapo.cl/bienes-raices-alquiler-apartamentos/parque-los-ingleses-san-roque/25824083
Hermoso depto 2D 2B 1E Cerro Ohiggins,$450.000,450000,CLP,,https://www.yapo.cl/bienes-raices-alquiler-apartamentos/hermoso-depto-2d-2b-1e-cerro-ohiggins/28040844
CURAUMA - DEPTO CONDOMINIO CUMBRES V - 3D 2B 1E 1B,$600.000,600000,CLP,,https://www.yapo.cl/bienes-raices-alquiler-apartamentos/curauma-depto-condominio-cumbres-v-3d-2b-1e-1b/31854525
Departamento valparaiso,$340.000,340000,CLP,,https://www.yapo.cl/bienes-raices-alquiler-apartamentos/departamento-valparaiso/26697893
"Arriendo depto nuevo en Placilla, Valparaiso.","UF450.000,00",450000,CLP (Corregido),,https://www.yapo.cl/bienes-raices-alquiler-apartamentos/arriendo-depto-nuevo-en-placilla-valparaiso/31722030
"3ER. PISO, VISTA A LA CALLE, 3 DORMITORIO 1 BAÑO Y ESTACIONAMIENTO",$390.000,390000,CLP,,https://www.yapo.cl/bienes-raices-alquiler-apartamentos/3er-piso-vista-a-la-calle-3-dormitorio-1-bano-y-estacionamiento/31664415
Depto Amoblado en Cerro Placeres 2D 1B 1E,$480.000,480000,CLP,,https://www.yapo.cl/bienes-raices-alquiler-apartamentos/depto-amoblado-en-cerro-placeres-2d-1b-1e/31804399
Arriendo,$600.000,600000,CLP,,https://www.yapo.cl/bienes-raices-alquiler-apartamentos/arriendo/25864129
"Arriendo departamento en Cerro placeres, cerca de",$500.000,500000,CLP,,https://www.yapo.cl/bienes-raices-alquiler-apartamentos/arriendo-departamento-en-cerro-placeres-cerca-de/26142537
VALPARAÍSO - DEPARTAMENTO NAVIO SAN MARTIN - 2D 1E,$430.000,430000,CLP,,https://www.yapo.cl/bienes-raices-alquiler-apartamentos/valparaiso-departamento-navio-san-martin-2d-1e/31753337
Arriendo departamento amoblado con negocio,$330.000,330000,CLP,,https://www.yapo.cl/bienes-raices-alquiler-apartamentos/arriendo-departamento-amoblado-con-negocio/25862467
Arriendo departamento en 7mo piso - Playa Ancha,$455.000,455000,CLP,,https://www.yapo.cl/bienes-raices-alquiler-apartamentos/arriendo-departamento-en-7mo-piso-playa-ancha/31856507
Depto PLAYA ANCHA Valparaíso,$275.000,275000,CLP,,https://www.yapo.cl/bienes-raices-alquiler-apartamentos/depto-playa-ancha-valparaiso/31544403
Departamento en Placeres,$380.000,380000,CLP,,https://www.yapo.cl/bienes-raices-alquiler-apartamentos/departamento-en-placeres/26788171
Se arrienda departamento en Valparaiso,$450.000,450000,CLP,,https://www.yapo.cl/bienes-raices-alquiler-apartamentos/se-arrienda-departamento-en-valparaiso/25861323
Se arrienda Dpto. NUEVO tercer piso 3D+2B+1 Est.,$480.000,480000,CLP,,https://www.yapo.cl/bienes-raices-alquiler-apartamentos/se-arrienda-dpto-nuevo-tercer-piso-3d-2b-1-est/30671844
ARRIENDO DEPARTAMENTO,"UF350.000,00",350000,CLP (Corregido),,https://www.yapo.cl/bienes-raices-alquiler-apartamentos/arriendo-departamento/31775493
Departamento 2d1b - Cerro Barón,$400.000,400000,CLP,,https://www.yapo.cl/bienes-raices-alquiler-apartamentos/departamento-2d1b-cerro-baron/27018949
Arriendo Departamento Edificio Playa Paraíso,$520.000,520000,CLP,,https://www.yapo.cl/bienes-raices-alquiler-apartamentos/arriendo-departamento-edificio-playa-paraiso/31748229
departamento en Valparaíso,$470.000,470000,CLP,,https://www.yapo.cl/bienes-raices-alquiler-apartamentos/departamento-en-valparaiso/26848269
Departamento placilla,$430.000,430000,CLP,,https://www.yapo.cl/bienes-raices-alquiler-apartamentos/departamento-placilla/25874935
Departamento amoblado,$450.000,450000,CLP,,https://www.yapo.cl/bienes-raices-alquiler-apartamentos/departamento-amoblado/25896254
CURAUMA - CONDOMINIO CUMBRES DE CURAUMA V - 3D 2B 1E,$580.000,580000,CLP,,https://www.yapo.cl/bienes-raices-alquiler-apartamentos/curauma-condominio-cumbres-de-curauma-v-3d-2b-1e/31569647
Depto PLAYA ANCHA Valparaíso,$275.000,275000,CLP,,https://www.yapo.cl/bienes-raices-alquiler-apartamentos/depto-playa-ancha-valparaiso/31544403
VALPARAÍSO - DEPARTAMENTO CON VISTA A LA BAHIA - 3D 2B 1E,$480.000,480000,CLP,,https://www.yapo.cl/bienes-raices-alquiler-apartamentos/valparaiso-departamento-con-vista-a-la-bahia-3d-2b-1e/31569648
Se arrienda departamento amoblado,$460.000,460000,CLP,,https://www.yapo.cl/bienes-raices-alquiler-apartamentos/se-arrienda-departamento-amoblado/27950638
Arriendo departamento en 7mo piso - Playa Ancha,$455.000,455000,CLP,,https://www.yapo.cl/bienes-raices-alquiler-apartamentos/arriendo-departamento-en-7mo-piso-playa-ancha/31856507
Arriendo departamento Casona,$300.000,300000,CLP,,https://www.yapo.cl/bienes-raices-alquiler-apartamentos/arriendo-departamento-casona/25860914
Hermosa vista  / Excelente ubicación.,"$520.000      
        Destacado",520000,CLP,,https://www.yapo.cl/bienes-raices-alquiler-apartamentos/hermosa-vista-excelente-ubicacion/31868850
"Arriendo departamento en Cerro placeres, cerca de",$500.000,500000,CLP,,https://www.yapo.cl/bienes-raices-alquiler-apartamentos/arriendo-departamento-en-cerro-placeres-cerca-de/26142537
Arriendo departamento Curauma,$450.000,450000,CLP,,https://www.yapo.cl/bienes-raices-alquiler-apartamentos/arriendo-departamento-curauma/31634540
BARRIO INGLÉS-NAVIO SAN MARTÍN-VALPARAÍSO,$520.000,520000,CLP,,https://www.yapo.cl/bienes-raices-alquiler-apartamentos/barrio-ingles-navio-san-martin-valparaiso/31806768
Arriendo depto amoblado 1er piso 3 domitorios,$700.000,700000,CLP,,https://www.yapo.cl/bienes-raices-alquiler-apartamentos/arriendo-depto-amoblado-1er-piso-3-domitorios/25865405
Se arrienda departamento en Curauma,$500.000,500000,CLP,,https://www.yapo.cl/bienes-raices-alquiler-apartamentos/se-arrienda-departamento-en-curauma/27905577
Amplio departamento sector residencial de Curauma,$390.000,390000,CLP,-9%,https://www.yapo.cl/bienes-raices-alquiler-apartamentos/amplio-departamento-sector-residencial-de-curauma/31692514
Cond. ochagavias - invica - placilla - valparaiso,$400.000,400000,CLP,,https://www.yapo.cl/bienes-raices-alquiler-apartamentos/cond-ochagavias-invica-placilla-valparaiso/26957675
Arriendo departamento en Curauma,$500.000,500000,CLP,,https://www.yapo.cl/bienes-raices-alquiler-apartamentos/arriendo-departamento-en-curauma/27905579
Departamento 3 dormitorios Curauma,$450.000,450000,CLP,,https://www.yapo.cl/bienes-raices-alquiler-apartamentos/departamento-3-dormitorios-curauma/26662590
Parque Los Ingleses (San Roque),$350.000,350000,CLP,-5%,https://www.yapo.cl/bienes-raices-alquiler-apartamentos/parque-los-ingleses-san-roque/25824083
Depto Amoblado en Cerro Polanco 1D 1B 1E *GC INCLUIDOS,$450.000,450000,CLP,,https://www.yapo.cl/bienes-raices-alquiler-apartamentos/depto-amoblado-en-cerro-polanco-1d-1b-1e-gc-incluidos/31832955
Amplio departamento en valparaiso,$450.000,450000,CLP,,https://www.yapo.cl/bienes-raices-alquiler-apartamentos/amplio-departamento-en-valparaiso/26515238
VALPARAÍSO - DEPTO CONDOMINIO ALTO PARAÍSO - 3D 2B 1E 1B,$600.000,600000,CLP,,https://www.yapo.cl/bienes-raices-alquiler-apartamentos/valparaiso-depto-condominio-alto-paraiso-3d-2b-1e-1b/31833332
ARRIENDO DEPTO ESTUDIO CON GASTOS COMUNES INCLUIDOS,$350.000,350000,CLP,,https://www.yapo.cl/bienes-raices-alquiler-apartamentos/arriendo-depto-estudio-con-gastos-comunes-incluidos/31865124
Departamento amoblado en Valparaíso,$550.000,550000,CLP,,https://www.yapo.cl/bienes-raices-alquiler-apartamentos/departamento-amoblado-en-valparaiso/26847914
VALPARAÍSO - DEPARTAMENTO CERRO LARRAÍN - 3D 2B 1E,$560.000,560000,CLP,,https://www.yapo.cl/bienes-raices-alquiler-apartamentos/valparaiso-departamento-cerro-larrain-3d-2b-1e/31546289
Departamento amoblado estudiantes,$450.000,450000,CLP,,https://www.yapo.cl/bienes-raices-alquiler-apartamentos/departamento-amoblado-estudiantes/25890288
Dpto nuevo 2D 2B 1E excelente ubicación,$430.000,430000,CLP,,https://www.yapo.cl/bienes-raices-alquiler-apartamentos/dpto-nuevo-2d-2b-1e-excelente-ubicacion/27214062
Departamento para estudiantes,$490.000,490000,CLP,,https://www.yapo.cl/bienes-raices-alquiler-apartamentos/departamento-para-estudiantes/25888420
CURAUMA - DEPTO CONDOMINIO PUERTAS DEL LAGO - 2D 1B 1E,$445.000,445000,CLP,,https://www.yapo.cl/bienes-raices-alquiler-apartamentos/curauma-depto-condominio-puertas-del-lago-2d-1b-1e/31871829
DEPARTAMENTO Calle Navío San Martin,$480.000,480000,CLP,-2%,https://www.yapo.cl/bienes-raices-alquiler-apartamentos/departamento-calle-navio-san-martin/30340979
"Departamento, Curauma 2d 1b 1e",$405.000,405000,CLP,-1%,https://www.yapo.cl/bienes-raices-alquiler-apartamentos/departamento-curauma-2d-1b-1e/25866401
Se arrienda departamento en Curauma,$500.000,500000,CLP,,https://www.yapo.cl/bienes-raices-alquiler-apartamentos/se-arrienda-departamento-en-curauma/27905577
Arriendo departamento en Curauma,$500.000,500000,CLP,,https://www.yapo.cl/bienes-raices-alquiler-apartamentos/arriendo-departamento-en-curauma/27905579
Departamento 2D/2B Estacionamiento Ed. Borde Bahía,$400.000,400000,CLP,,https://www.yapo.cl/bienes-raices-alquiler-apartamentos/departamento-2d-2b-estacionamiento-ed-borde-bahia/28114982
Depto. 3 dormitorio. 2baños. Estacionam. y bodega,$470.000,470000,CLP,,https://www.yapo.cl/bienes-raices-alquiler-apartamentos/depto-3-dormitorio-2banos-estacionam-y-bodega/26642006
"Departamento piso 2do.,",$480.000,480000,CLP,,https://www.yapo.cl/bienes-raices-alquiler-apartamentos/departamento-piso-2do/31766737
Departamento amoblado en Valparaíso,$550.000,550000,CLP,,https://www.yapo.cl/bienes-raices-alquiler-apartamentos/departamento-amoblado-en-valparaiso/26847914
Arriendo departamento,$350.000,350000,CLP,,https://www.yapo.cl/bienes-raices-alquiler-apartamentos/arriendo-departamento/25881831
Hermoso Homeoffice,$350.000,350000,CLP,,https://www.yapo.cl/bienes-raices-alquiler-apartamentos/hermoso-homeoffice/26578728
"ARRIENDO DPTO AMOBLADO, 2 DOR Y 1 BAÑO",$500.000,500000,CLP,-9%,https://www.yapo.cl/bienes-raices-alquiler-apartamentos/arriendo-dpto-amoblado-2-dor-y-1-bano/31710930
Departamento vista del valle 1 450.000,$450.000,450000,CLP,,https://www.yapo.cl/bienes-raices-alquiler-apartamentos/departamento-vista-del-valle-1-450-000/25894075
Se Arrienda Departamento en Placeres-GC incluidos,$400.000,400000,CLP,-11%,https://www.yapo.cl/bienes-raices-alquiler-apartamentos/se-arrienda-departamento-en-placeres-gc-incluidos/31469093
Se arrienda departamento en Valparaiso,$450.000,450000,CLP,,https://www.yapo.cl/bienes-raices-alquiler-apartamentos/se-arrienda-departamento-en-valparaiso/25861323
Departamento en Valparaiso,$340.000,340000,CLP,,https://www.yapo.cl/bienes-raices-alquiler-apartamentos/departamento-en-valparaiso/26550430
departamento en CURAUMA,$430.000,430000,CLP,,https://www.yapo.cl/bienes-raices-alquiler-apartamentos/departamento-en-curauma/26635337
Arriendo Departamento,$450.000,450000,CLP,,https://www.yapo.cl/bienes-raices-alquiler-apartamentos/arriendo-departamento/26102051
DEPARTAMENTO CUMBRES  DE CURAUMA V - VALPARAISO - 3D 2B 1E 1B,$600.000,600000,CLP,,https://www.yapo.cl/bienes-raices-alquiler-apartamentos/departamento-cumbres-de-curauma-v-valparaiso-3d-2b-1e-1b/31854354
Espacioso departamento a pasos de USM. (122249),$590.000,590000,CLP,-3%,https://www.yapo.cl/bienes-raices-alquiler-apartamentos/espacioso-departamento-a-pasos-de-usm-122249/31426327
DETPO CURAUMA PRIMER PISO PARQUE CURAUMA,$450.000,450000,CLP,,https://www.yapo.cl/bienes-raices-alquiler-apartamentos/detpo-curauma-primer-piso-parque-curauma/31672301
ARRIENDO DEPARTAMENTO,"UF350.000,00",350000,CLP (Corregido),,https://www.yapo.cl/bienes-raices-alquiler-apartamentos/arriendo-departamento/31775493
Depto 1Habitacion y 1 Baño,$400.000,400000,CLP,,https://www.yapo.cl/bienes-raices-alquiler-apartamentos/depto-1habitacion-y-1-bano/26573172
Departamento en arriendo en Valparaiso,$450.000,450000,CLP,,https://www.yapo.cl/bienes-raices-alquiler-apartamentos/departamento-en-arriendo-en-valparaiso/25860852
departamento cerro Delicias Valparaíso,$430.000,430000,CLP,,https://www.yapo.cl/bienes-raices-alquiler-apartamentos/departamento-cerro-delicias-valparaiso/26916775
Arriendo de Departamento Edificio Vista Mar Valparaiso,$500.000,500000,CLP,,https://www.yapo.cl/bienes-raices-alquiler-apartamentos/arriendo-de-departamento-edificio-vista-mar-valparaiso/31802210
Arriendo Departamento Sin Muebles – Condominio Vista al Valle III,$400.000,400000,CLP,,https://www.yapo.cl/bienes-raices-alquiler-apartamentos/arriendo-departamento-sin-muebles-condominio-vista-al-valle-iii/31474193
CURAUMA - CONDOMINIO PUERTAS DEL - 2D 1B 1E,$460.000,460000,CLP,,https://www.yapo.cl/bienes-raices-alquiler-apartamentos/curauma-condominio-puertas-del-2d-1b-1e/31515216
Se arrienda habitación en pleno centro Valparaíso,$150.000,150000,CLP,,https://www.yapo.cl/bienes-raices-alquiler-apartamentos/se-arrienda-habitacion-en-pleno-centro-valparaiso/28210879
VALPARAÍSO - DPTO CONDOMINIO REINA VICTORIA - 4D 2B 1E 1B,$700.000,700000,CLP,,https://www.yapo.cl/bienes-raices-alquiler-apartamentos/valparaiso-dpto-condominio-reina-victoria-4d-2b-1e-1b/31854523
Se arrienda depto. Sector Parque los Ingleses,$500.000,500000,CLP,,https://www.yapo.cl/bienes-raices-alquiler-apartamentos/se-arrienda-depto-sector-parque-los-ingleses/25895840
"Arriendo departamento pie Cerro Barón, edificio San Francisco seguro y tranquilo.",$450,450,CLP,,https://www.yapo.cl/bienes-raices-alquiler-apartamentos/arriendo-departamento-pie-cerro-baron-edificio-san-francisco-seguro-y-tranquilo/31841505
"Arriendo d-401, 2d+1b 48m2 sector los ingleses",$420.000,420000,CLP,,https://www.yapo.cl/bienes-raices-alquiler-apartamentos/arriendo-d-401-2d-1b-48m2-sector-los-ingleses/26481446
Arriendo departamento pedromontt,$320.000,320000,CLP,,https://www.yapo.cl/bienes-raices-alquiler-apartamentos/arriendo-departamento-pedromontt/26572617
"Departamento Jorge Kenrick, Valparaíso",$420.000,420000,CLP,,https://www.yapo.cl/bienes-raices-alquiler-apartamentos/departamento-jorge-kenrick-valparaiso/31860189
Arriendo 2 Estudiantes,$550.000,550000,CLP,,https://www.yapo.cl/bienes-raices-alquiler-apartamentos/arriendo-2-estudiantes/25892382
Depto Amoblado en Curauma 3D 1B 1E *GC INCLUIDO,$600.000,600000,CLP,,https://www.yapo.cl/bienes-raices-alquiler-apartamentos/depto-amoblado-en-curauma-3d-1b-1e-gc-incluido/31810194
Arriendo departamento,$350.000,350000,CLP,,https://www.yapo.cl/bienes-raices-alquiler-apartamentos/arriendo-departamento/25881831
Se arrienda departamento centro de Valparaíso,$450.000,450000,CLP,,https://www.yapo.cl/bienes-raices-alquiler-apartamentos/se-arrienda-departamento-centro-de-valparaiso/31568515
Arriendo departamento en curauma,$450.000,450000,CLP,,https://www.yapo.cl/bienes-raices-alquiler-apartamentos/arriendo-departamento-en-curauma/25864360
CURAUMA - DPTO CUMBRES DE CURAUMA IV - 3D 2B 1E,$480.000,480000,CLP,,https://www.yapo.cl/bienes-raices-alquiler-apartamentos/curauma-dpto-cumbres-de-curauma-iv-3d-2b-1e/31784247
"Arriendo departamento sin amueblar, un dormitorio,",$360.000,360000,CLP,,https://www.yapo.cl/bienes-raices-alquiler-apartamentos/arriendo-departamento-sin-amueblar-un-dormitorio/26141681
Se arrienda loft en cerro alegre,$450.000,450000,CLP,,https://www.yapo.cl/bienes-raices-alquiler-apartamentos/se-arrienda-loft-en-cerro-alegre/25900520
Departamento en el plan de Valparaiso 3D-2B,$410.000,410000,CLP,,https://www.yapo.cl/bienes-raices-alquiler-apartamentos/departamento-en-el-plan-de-valparaiso-3d-2b/26142028
Departamento en Curauma,$459.000,459000,CLP,,https://www.yapo.cl/bienes-raices-alquiler-apartamentos/departamento-en-curauma/26840780
Necesito arrendar,$350.000,350000,CLP,,https://www.yapo.cl/bienes-raices-alquiler-apartamentos/necesito-arrendar/26625568
Arriendo departamento en placilla curauma,$440.000,440000,CLP,,https://www.yapo.cl/bienes-raices-alquiler-apartamentos/arriendo-departamento-en-placilla-curauma/28043650
Arriendo,$750.000,750000,CLP,,https://www.yapo.cl/bienes-raices-alquiler-apartamentos/arriendo/25881328
Departamento en Valparaíso sin muebles,$350.000,350000,CLP,,https://www.yapo.cl/bienes-raices-alquiler-apartamentos/departamento-en-valparaiso-sin-muebles/26790445
Depto estilo mariposa cerca Hospital Pereira incluye gastos comunes,$540.000,540000,CLP,,https://www.yapo.cl/bienes-raices-alquiler-apartamentos/depto-estilo-mariposa-cerca-hospital-pereira-incluye-gastos-comunes/31613341
Arriendo loft con patio,$260.000,260000,CLP,,https://www.yapo.cl/bienes-raices-alquiler-apartamentos/arriendo-loft-con-patio/25845351
Departamento céntrico,$480.000,480000,CLP,,https://www.yapo.cl/bienes-raices-alquiler-apartamentos/departamento-centrico/26746856
Departamento amoblado,$300.000,300000,CLP,,https://www.yapo.cl/bienes-raices-alquiler-apartamentos/departamento-amoblado/25950018
ARRIENDO DEPARTAMENTO – VALPARAÍSO (CERRO POLANCO),$300.000,300000,CLP,,https://www.yapo.cl/bienes-raices-alquiler-apartamentos/arriendo-departamento-valparaiso-cerro-polanco/31596568
Departamento en arriendo,$350.000,350000,CLP,,https://www.yapo.cl/bienes-raices-alquiler-apartamentos/departamento-en-arriendo/25867155
Arriendo hermoso y nuevo departamento,$580.000,580000,CLP,,https://www.yapo.cl/bienes-raices-alquiler-apartamentos/arriendo-hermoso-y-nuevo-departamento/26140499
Casa o depto,$450.000,450000,CLP,,https://www.yapo.cl/bienes-raices-alquiler-apartamentos/casa-o-depto/26712783
Plaza Victoria,$410.000,410000,CLP,,https://www.yapo.cl/bienes-raices-alquiler-apartamentos/plaza-victoria/31832373
Casa Valparaíso,$100.000,100000,CLP,,https://www.yapo.cl/bienes-raices-alquiler-apartamentos/casa-valparaiso/26101749
DEPARTAMENTO ARRIENDO,$500.000,500000,CLP,,https://www.yapo.cl/bienes-raices-alquiler-apartamentos/departamento-arriendo/31800025
Busco vivienda,$200.000,200000,CLP,,https://www.yapo.cl/bienes-raices-alquiler-apartamentos/busco-vivienda/27811174
Casa Valparaíso,$100.000,100000,CLP,,https://www.yapo.cl/bienes-raices-alquiler-apartamentos/casa-valparaiso/26101749
Arriendo amoblado para estudiante,$195.000,195000,CLP,,https://www.yapo.cl/bienes-raices-alquiler-apartamentos/arriendo-amoblado-para-estudiante/28147607
"Hermoso y nuevo Depto,Edificio Mirador Azul II",$450.000,450000,CLP,,https://www.yapo.cl/bienes-raices-alquiler-apartamentos/hermoso-y-nuevo-depto-edificio-mirador-azul-ii/26638064
Arriendo habitaciones,$250.000,250000,CLP,,https://www.yapo.cl/bienes-raices-alquiler-apartamentos/arriendo-habitaciones/27903394
Depto. Valparaíso año corrido 2D 1E,$400.000,400000,CLP,,https://www.yapo.cl/bienes-raices-alquiler-apartamentos/depto-valparaiso-ano-corrido-2d-1e/26688263
Arriendo depto sector barrio verde valpo,$350.000,350000,CLP,,https://www.yapo.cl/bienes-raices-alquiler-apartamentos/arriendo-depto-sector-barrio-verde-valpo/25896828
Apartamento equipado para 2 personas en San roque,$300.000,300000,CLP,,https://www.yapo.cl/bienes-raices-alquiler-apartamentos/apartamento-equipado-para-2-personas-en-san-roque/25839968
Ofrezco depto,$270.000,270000,CLP,,https://www.yapo.cl/bienes-raices-alquiler-apartamentos/ofrezco-depto/25844918
Departamento en Curauma,$459.000,459000,CLP,,https://www.yapo.cl/bienes-raices-alquiler-apartamentos/departamento-en-curauma/26840780
ARRIENDO DEPARTAMENTO – VALPARAÍSO (CERRO POLANCO),$300.000,300000,CLP,,https://www.yapo.cl/bienes-raices-alquiler-apartamentos/arriendo-departamento-valparaiso-cerro-polanco/31596568
Comparto departamento Universitarios,$220.000,220000,CLP,,https://www.yapo.cl/bienes-raices-alquiler-apartamentos/comparto-departamento-universitarios/26668172
Se arrienda departamento en barrio ingles,$380.000,380000,CLP,,https://www.yapo.cl/bienes-raices-alquiler-apartamentos/se-arrienda-departamento-en-barrio-ingles/28148126
Busco arriendo en valparaíso,$340.000,340000,CLP,,https://www.yapo.cl/bienes-raices-alquiler-apartamentos/busco-arriendo-en-valparaiso/26311542
Se arrienda depto edif borde bahia,$360.000,360000,CLP,,https://www.yapo.cl/bienes-raices-alquiler-apartamentos/se-arrienda-depto-edif-borde-bahia/27120653
Departamento céntrico,$480.000,480000,CLP,,https://www.yapo.cl/bienes-raices-alquiler-apartamentos/departamento-centrico/26746856
Casa o departamento,$400.000,400000,CLP,,https://www.yapo.cl/bienes-raices-alquiler-apartamentos/casa-o-departamento/25892598
Departamento en Edificio (Ano Nuevo),$350.000,350000,CLP,,https://www.yapo.cl/bienes-raices-alquiler-apartamentos/departamento-en-edificio-ano-nuevo/26101365
Depto estilo mariposa cerca Hospital Pereira incluye gastos comunes,$540.000,540000,CLP,,https://www.yapo.cl/bienes-raices-alquiler-apartamentos/depto-estilo-mariposa-cerca-hospital-pereira-incluye-gastos-comunes/31613341
departamento,$500.000,500000,CLP,,https://www.yapo.cl/bienes-raices-alquiler-apartamentos/departamento/26832809
Acogedor y bien ubicado departamento,$340.000,340000,CLP,,https://www.yapo.cl/bienes-raices-alquiler-apartamentos/acogedor-y-bien-ubicado-departamento/25887753
Arriendo departamento,$350.000,350000,CLP,,https://www.yapo.cl/bienes-raices-alquiler-apartamentos/arriendo-departamento/25863111
Depto interior con salida independiente,$300.000,300000,CLP,,https://www.yapo.cl/bienes-raices-alquiler-apartamentos/depto-interior-con-salida-independiente/25873111
Se arrienda precioso departamento en Placeres,$375.000,375000,CLP,,https://www.yapo.cl/bienes-raices-alquiler-apartamentos/se-arrienda-precioso-departamento-en-placeres/28175106
Departamento en arriendo,$350.000,350000,CLP,,https://www.yapo.cl/bienes-raices-alquiler-apartamentos/departamento-en-arriendo/25867155
equiero arriendo de departamento,$100.000.000,100000000,CLP,,https://www.yapo.cl/bienes-raices-alquiler-apartamentos/equiero-arriendo-de-departamento/25853722
Dep Rodelillo alto Directo Dueños,$230.000,230000,CLP,,https://www.yapo.cl/bienes-raices-alquiler-apartamentos/dep-rodelillo-alto-directo-duenos/26099253
"Departmento dos dorms, mejor sector Cerro Alegre",$500.000,500000,CLP,,https://www.yapo.cl/bienes-raices-alquiler-apartamentos/departmento-dos-dorms-mejor-sector-cerro-alegre/27138847
"Departamento 3d, 2B Curauma",$430.000,430000,CLP,,https://www.yapo.cl/bienes-raices-alquiler-apartamentos/departamento-3d-2b-curauma/27201873
Arriendo año corrido,$500.000,500000,CLP,,https://www.yapo.cl/bienes-raices-alquiler-apartamentos/arriendo-ano-corrido/28204601
"Hermoso y nuevo Depto,Edificio Mirador Azul II",$450.000,450000,CLP,,https://www.yapo.cl/bienes-raices-alquiler-apartamentos/hermoso-y-nuevo-depto-edificio-mirador-azul-ii/26638064
Errazuriz-sector puerto,$240.000,240000,CLP,,https://www.yapo.cl/bienes-raices-alquiler-apartamentos/errazuriz-sector-puerto/25917005
Arriendo habitacion para mujer trabajadora,$180.000,180000,CLP,,https://www.yapo.cl/bienes-raices-alquiler-apartamentos/arriendo-habitacion-para-mujer-trabajadora/25894067
Casa o depto,$450.000,450000,CLP,,https://www.yapo.cl/bienes-raices-alquiler-apartamentos/casa-o-depto/26712783
Departamento en Valparaíso sin muebles,$350.000,350000,CLP,,https://www.yapo.cl/bienes-raices-alquiler-apartamentos/departamento-en-valparaiso-sin-muebles/26790445
Departamento Estacionamiento Cerro Barón,$480.000,480000,CLP,,https://www.yapo.cl/bienes-raices-alquiler-apartamentos/departamento-estacionamiento-cerro-baron/26871667
Busco Arrendar Departamento Valpo,$350.000,350000,CLP,,https://www.yapo.cl/bienes-raices-alquiler-apartamentos/busco-arrendar-departamento-valpo/26633277
Arriendo departamento,$330.000,330000,CLP,,https://www.yapo.cl/bienes-raices-alquiler-apartamentos/arriendo-departamento/25782485
Se arrienda departamento amoblado en condel plan,$350.000,350000,CLP,,https://www.yapo.cl/bienes-raices-alquiler-apartamentos/se-arrienda-departamento-amoblado-en-condel-plan/26097602
Datos viña o valpo,$250.000,250000,CLP,,https://www.yapo.cl/bienes-raices-alquiler-apartamentos/datos-vina-o-valpo/27915598
Cómodos y centrales apartamentos,$220.000,220000,CLP,,https://www.yapo.cl/bienes-raices-alquiler-apartamentos/comodos-y-centrales-apartamentos/26831529
Departamento luminoso 2D/1B,$380.000,380000,CLP,,https://www.yapo.cl/bienes-raices-alquiler-apartamentos/departamento-luminoso-2d-1b/26829826
curauma VALPARAISO,$450.000,450000,CLP,,https://www.yapo.cl/bienes-raices-alquiler-apartamentos/curauma-valparaiso/31772781
Se arrienda Dpto 2d 2b 1e Av.Matta Los placeres,$480.000,480000,CLP,,https://www.yapo.cl/bienes-raices-alquiler-apartamentos/se-arrienda-dpto-2d-2b-1e-av-matta-los-placeres/26578424
Comparto departamento Universitarios,$220.000,220000,CLP,,https://www.yapo.cl/bienes-raices-alquiler-apartamentos/comparto-departamento-universitarios/26668172
"arriendo depto en Palmas de Rodelillo, Valparaiso.","UF350.000,00",350000,CLP (Corregido),,https://www.yapo.cl/bienes-raices-alquiler-apartamentos/arriendo-depto-en-palmas-de-rodelillo-valparaiso/31759150
Acogedor y bien ubicado departamento,$340.000,340000,CLP,,https://www.yapo.cl/bienes-raices-alquiler-apartamentos/acogedor-y-bien-ubicado-departamento/25887753
Arriendo departamento en placilla curauma,$440.000,440000,CLP,,https://www.yapo.cl/bienes-raices-alquiler-apartamentos/arriendo-departamento-en-placilla-curauma/28043650
Arriendo departamento,$350.000,350000,CLP,,https://www.yapo.cl/bienes-raices-alquiler-apartamentos/arriendo-departamento/25863111
"Playa Ancha ,depa 2 piezas, $ 160.000 en Raque - LLico",$160.000,160000,CLP,-11%,https://www.yapo.cl/bienes-raices-alquiler-apartamentos/playa-ancha-depa-2-piezas-160-000-en-raque-llico/31667553
Departamento,$360.000,360000,CLP,,https://www.yapo.cl/bienes-raices-alquiler-apartamentos/departamento/31840534
Arriendo depto en Barrio Los Ingleses Valpo,$380.000,380000,CLP,,https://www.yapo.cl/bienes-raices-alquiler-apartamentos/arriendo-depto-en-barrio-los-ingleses-valpo/27075834
Se arrienda departamento en barrio ingles,$380.000,380000,CLP,,https://www.yapo.cl/bienes-raices-alquiler-apartamentos/se-arrienda-departamento-en-barrio-ingles/28148126
ARRIENDO DEPARTAMENTO – VALPARAÍSO (CERRO POLANCO),$300.000,300000,CLP,,https://www.yapo.cl/bienes-raices-alquiler-apartamentos/arriendo-departamento-valparaiso-cerro-polanco/31596568
Arriendo departamento,$450.000,450000,CLP,,https://www.yapo.cl/bienes-raices-alquiler-apartamentos/arriendo-departamento/25992853
Se arrienda departamento,$370.000,370000,CLP,,https://www.yapo.cl/bienes-raices-alquiler-apartamentos/se-arrienda-departamento/25871954
Departamento amoblado,$430.000,430000,CLP,,https://www.yapo.cl/bienes-raices-alquiler-apartamentos/departamento-amoblado/26913244
Depto.,$300.000,300000,CLP,,https://www.yapo.cl/bienes-raices-alquiler-apartamentos/depto/25890710
Necesito arrendar,$350.000,350000,CLP,,https://www.yapo.cl/bienes-raices-alquiler-apartamentos/necesito-arrendar/26625568
Departamento en arriendo,$350.000,350000,CLP,,https://www.yapo.cl/bienes-raices-alquiler-apartamentos/departamento-en-arriendo/25867155
Necesito arrendar,$350.000,350000,CLP,,https://www.yapo.cl/bienes-raices-alquiler-apartamentos/necesito-arrendar/26625568
Busco arriendo,$2.600.000,2600000,CLP,,https://www.yapo.cl/bienes-raices-alquiler-apartamentos/busco-arriendo/27941733
Busco vivienda,$200.000,200000,CLP,,https://www.yapo.cl/bienes-raices-alquiler-apartamentos/busco-vivienda/27811174
Se arrienda departamento en viña centro hasta dic,$530.000,530000,CLP,,https://www.yapo.cl/bienes-raices-alquiler-apartamentos/se-arrienda-departamento-en-vina-centro-hasta-dic/26935658
"Hermoso y nuevo Depto,Edificio Mirador Azul II",$450.000,450000,CLP,,https://www.yapo.cl/bienes-raices-alquiler-apartamentos/hermoso-y-nuevo-depto-edificio-mirador-azul-ii/26638064
Arriendo habitacion para mujer trabajadora,$180.000,180000,CLP,,https://www.yapo.cl/bienes-raices-alquiler-apartamentos/arriendo-habitacion-para-mujer-trabajadora/25894067
Arriendo departamento,$300.000,300000,CLP,,https://www.yapo.cl/bienes-raices-alquiler-apartamentos/arriendo-departamento/25888116
Arriendo departamento,$400.000,400000,CLP,,https://www.yapo.cl/bienes-raices-alquiler-apartamentos/arriendo-departamento/25898486
Ofrezco depto,$270.000,270000,CLP,,https://www.yapo.cl/bienes-raices-alquiler-apartamentos/ofrezco-depto/25844918
Arriendo año corrido,$500.000,500000,CLP,,https://www.yapo.cl/bienes-raices-alquiler-apartamentos/arriendo-ano-corrido/28204601
Arriendo depto en Barrio Los Ingleses Valpo,$380.000,380000,CLP,,https://www.yapo.cl/bienes-raices-alquiler-apartamentos/arriendo-depto-en-barrio-los-ingleses-valpo/27075834
Arriendo Depto Amoblado en Playa Ancha frente UPLA,$680.000,680000,CLP,,https://www.yapo.cl/bienes-raices-alquiler-apartamentos/arriendo-depto-amoblado-en-playa-ancha-frente-upla/25882749
Busco Arrendar Departamento Valpo,$350.000,350000,CLP,,https://www.yapo.cl/bienes-raices-alquiler-apartamentos/busco-arrendar-departamento-valpo/26633277
Departamento Valparaiso,$260.000,260000,CLP,,https://www.yapo.cl/bienes-raices-alquiler-apartamentos/departamento-valparaiso/25879487
